id,name,address,type,typecode,pcode,pname,citycode,cityname,adcode,adname,business_area,location,tel,bigType,midType,smallType,gcj_lng,gcj_lat,wgs84_loc,wgs84Lng,wgs84Lat,geometry,function_type
B0FFF5UIGO,同济大学网球场(赤峰路),四平路1239号同济大学,体育休闲服务;运动场馆;网球场,080103,310000,上海市,21,上海市,310110,杨浦区,四平路,"121.501584,31.282734",[],体育休闲服务,运动场馆,网球场,121.501584,31.282734,"121.497154,31.284735",121.497154,31.284735,POINT (121.497154 31.284735),休闲娱乐
B0IAP7SB43,NEO,邯郸路399号-A01五角场创场内里百货内,体育休闲服务;娱乐场所;酒吧,080304,310000,上海市,21,上海市,310110,杨浦区,四平路,"121.510305,31.298078",18601772329,体育休闲服务,娱乐场所,酒吧,121.510305,31.298078,"121.505905,31.300099",121.505905,31.300099,POINT (121.505905 31.300099),休闲娱乐
B0FFM6CHXE,驿佳宾馆,大连路与辽源西路交叉口东北约60米,住宿服务;宾馆酒店;宾馆酒店,100100,310000,上海市,21,上海市,310110,杨浦区,四平路,"121.506703,31.269118",[],住宿服务,宾馆酒店,宾馆酒店,121.506703,31.269118,"121.502293,31.27114",121.502293,31.27114,POINT (121.502293 31.27114),休闲娱乐
B0IBKZH80K,汉旺酒店,[],住宿服务;宾馆酒店;宾馆酒店,100100,310000,上海市,21,上海市,310110,杨浦区,四平路,"121.507709,31.273398",[],住宿服务,宾馆酒店,宾馆酒店,121.507709,31.273398,"121.503302,31.275421",121.503302,31.275421,POINT (121.503302 31.275421),休闲娱乐
B0IBKHGUW5,格林酒店,[],住宿服务;宾馆酒店;宾馆酒店,100100,310000,上海市,21,上海市,310110,杨浦区,四平路,"121.511578,31.276332",[],住宿服务,宾馆酒店,宾馆酒店,121.511578,31.276332,"121.507185,31.278365",121.507185,31.278365,POINT (121.507185 31.278365),休闲娱乐
B0FFG95DL8,园中酒店公寓,大连路1546号,住宿服务;宾馆酒店;宾馆酒店,100100,310000,上海市,21,上海市,310110,杨浦区,四平路,"121.504459,31.272918",[],住宿服务,宾馆酒店,宾馆酒店,121.504459,31.272918,"121.50004,31.274931",121.50004,31.274931,POINT (121.50004 31.274931),休闲娱乐
B0FFGJO8WB,锦江都城白玉兰宾馆宴会厅,四平路1251号,住宿服务;住宿服务相关;住宿服务相关,100000,310000,上海市,21,上海市,310110,杨浦区,四平路,"121.507386,31.285077",[],住宿服务,住宿服务相关,住宿服务相关,121.507386,31.285077,"121.502977,31.287094",121.502977,31.287094,POINT (121.502977 31.287094),休闲娱乐
B0FFGEKAMX,上海财富大酒店-洗手间,邯郸路399号(近国定路),公共设施;公共厕所;公共厕所,200300,310000,上海市,21,上海市,310110,杨浦区,四平路,"121.511204,31.297722",[],公共设施,公共厕所,公共厕所,121.511204,31.297722,"121.506807,31.299745",121.506807,31.299745,POINT (121.506807 31.299745),休闲娱乐
B0HU9S52MP,新起点酒店公寓,国权路与政仁路交叉口东约140米,住宿服务;宾馆酒店;经济型连锁酒店,100105,310000,上海市,21,上海市,310110,杨浦区,四平路,"121.519131,31.288527",[],住宿服务,宾馆酒店,经济型连锁酒店,121.519131,31.288527,"121.514763,31.290577",121.514763,31.290577,POINT (121.514763 31.290577),休闲娱乐
B0HKVC677K,OT台球酒吧,大连路1546号b1层,体育休闲服务;娱乐场所;酒吧,080304,310000,上海市,21,上海市,310110,杨浦区,四平路,"121.504095,31.272888",19946273372,体育休闲服务,娱乐场所,酒吧,121.504095,31.272888,"121.499675,31.2749",121.499675,31.2749,POINT (121.499675 31.2749),休闲娱乐
B0G274EERJ,龙元网咖棋牌,邯郸路365号颐高数码广场3楼,体育休闲服务;娱乐场所;棋牌室,080306,310000,上海市,21,上海市,310110,杨浦区,四平路,"121.508023,31.297360",021-52906986,体育休闲服务,娱乐场所,棋牌室,121.508023,31.29736,"121.503615,31.299374",121.503615,31.299374,POINT (121.503615 31.299374),休闲娱乐
B00155MORP,晶晶网咖,政肃路55号二楼,体育休闲服务;娱乐场所;网吧,080308,310000,上海市,21,上海市,310110,杨浦区,四平路,"121.506222,31.294323",17521777078,体育休闲服务,娱乐场所,网吧,121.506222,31.294323,"121.501808,31.296333",121.501808,31.296333,POINT (121.501808 31.296333),休闲娱乐
B0FFGHZHYA,紧急避难场所(智选假日酒店西南),黄兴路1729号上海五角场智选假日酒店1层,公共设施;紧急避难场所;紧急避难场所,200400,310000,上海市,21,上海市,310110,杨浦区,四平路,"121.518920,31.290270",[],公共设施,紧急避难场所,紧急避难场所,121.51892,31.29027,"121.514551,31.292319",121.514551,31.292319,POINT (121.514551 31.292319),休闲娱乐
B0FFFS7CLJ,四平科技公园-中心广场,内环高架路四平科技公园,风景名胜;公园广场;城市广场,110105,310000,上海市,21,上海市,310110,杨浦区,四平路,"121.507270,31.287128",[],风景名胜,公园广场,城市广场,121.50727,31.287128,"121.50286,31.289144",121.50286,31.289144,POINT (121.50286 31.289144),休闲娱乐
B0FFMH322V,美佳公寓,政本路与国权路交叉口南约80米,住宿服务;宾馆酒店;宾馆酒店,100100,310000,上海市,21,上海市,310110,杨浦区,四平路,"121.515497,31.286964",[],住宿服务,宾馆酒店,宾馆酒店,121.515497,31.286964,"121.511117,31.289004",121.511117,31.289004,POINT (121.511117 31.289004),休闲娱乐
B00155HGSP,复旦大学游泳馆,邯郸路220号复旦大学邯郸校区南区学生公寓内,体育休闲服务;运动场馆;游泳馆,080110,310000,上海市,21,上海市,310110,杨浦区,四平路,"121.502412,31.292314",021-65642115,体育休闲服务,运动场馆,游泳馆,121.502412,31.292314,"121.497984,31.294313",121.497984,31.294313,POINT (121.497984 31.294313),休闲娱乐
B00155KS7R,同济大学四平路校区游泳馆(暂停营业),四平路1239号同济大学四平路校区,体育休闲服务;运动场馆;游泳馆,080110,310000,上海市,21,上海市,310110,杨浦区,四平路,"121.501631,31.280959",021-65985413,体育休闲服务,运动场馆,游泳馆,121.501631,31.280959,"121.497201,31.282961",121.497201,31.282961,POINT (121.497201 31.282961),休闲娱乐
B00154G55S,复旦大学招待所,国年路260弄1号复旦大学,住宿服务;旅馆招待所;旅馆招待所,100200,310000,上海市,21,上海市,310110,杨浦区,四平路,"121.505782,31.294750",[],住宿服务,旅馆招待所,旅馆招待所,121.505782,31.29475,"121.501366,31.296758",121.501366,31.296758,POINT (121.501366 31.296758),休闲娱乐
B00156YKR2,同济大学足球场,四平路1239号同济大学(近彰武路),体育休闲服务;运动场馆;足球场,080105,310000,上海市,21,上海市,310110,杨浦区,四平路,"121.500599,31.282574",[],体育休闲服务,运动场馆,足球场,121.500599,31.282574,"121.496165,31.284572",121.496165,31.284572,POINT (121.496165 31.284572),休闲娱乐
B0FFFS776B,复旦大学南区小足球场,邯郸路220号复旦大学邯郸校区,体育休闲服务;运动场馆;足球场,080105,310000,上海市,21,上海市,310110,杨浦区,四平路,"121.502801,31.290321",[],体育休闲服务,运动场馆,足球场,121.502801,31.290321,"121.498375,31.292322",121.498375,31.292322,POINT (121.498375 31.292322),休闲娱乐
B0FFJEIIG1,国金汇国际KTV(大连路店),大连路1546-2号楼附近,体育休闲服务;娱乐场所;KTV,080302,310000,上海市,21,上海市,310110,杨浦区,四平路,"121.504367,31.272633",021-66608136,体育休闲服务,娱乐场所,KTV,121.504367,31.272633,"121.499948,31.274646",121.499948,31.274646,POINT (121.499948 31.274646),休闲娱乐
B0FFKKJIWX,苏宁影城(上海五角场店),邯郸路585号4楼,体育休闲服务;影剧院;电影院,080601,310000,上海市,21,上海市,310110,杨浦区,四平路,"121.514397,31.298890",021-60757655,体育休闲服务,影剧院,电影院,121.514397,31.29889,"121.510012,31.300922",121.510012,31.300922,POINT (121.510012 31.300922),休闲娱乐
B00156FMZK,NEO Bar,国定路335号杨浦科技创业中心1号楼院内,体育休闲服务;娱乐场所;酒吧,080304,310000,上海市,21,上海市,310110,杨浦区,四平路,"121.508320,31.297303",[],体育休闲服务,娱乐场所,酒吧,121.50832,31.297303,"121.503913,31.299318",121.503913,31.299318,POINT (121.503913 31.299318),休闲娱乐
B0H3Y559M1,SENSATION,国定路333号地下一层,体育休闲服务;娱乐场所;酒吧,080304,310000,上海市,21,上海市,310110,杨浦区,四平路,"121.509249,31.296542",13003209961,体育休闲服务,娱乐场所,酒吧,121.509249,31.296542,"121.504846,31.29856",121.504846,31.29856,POINT (121.504846 31.29856),休闲娱乐
B0FFLFK52Z,天天唱吧,江浦路与抚顺路交叉口西北约60米,体育休闲服务;娱乐场所;KTV,080302,310000,上海市,21,上海市,310110,杨浦区,四平路,"121.516301,31.281539",[],体育休闲服务,娱乐场所,KTV,121.516301,31.281539,"121.511924,31.283584",121.511924,31.283584,POINT (121.511924 31.283584),休闲娱乐
B0FFMAHHLG,上海公关招聘,大连路1546号,体育休闲服务;娱乐场所;KTV,080302,310000,上海市,21,上海市,310110,杨浦区,四平路,"121.504492,31.272511",[],体育休闲服务,娱乐场所,KTV,121.504492,31.272511,"121.500073,31.274525",121.500073,31.274525,POINT (121.500073 31.274525),休闲娱乐
B0FFJFCOUQ,杠上开花棋牌会所,铁岭路32号同叶大厦338室(锦西路铁岭路口),体育休闲服务;娱乐场所;棋牌室,080306,310000,上海市,21,上海市,310110,杨浦区,四平路,"121.514572,31.278200",[],体育休闲服务,娱乐场所,棋牌室,121.514572,31.2782,"121.510189,31.280241",121.510189,31.280241,POINT (121.510189 31.280241),休闲娱乐
B0FFGHELGY,乐久棋牌(鞍山分店),铁岭路32号同叶大厦315室,体育休闲服务;娱乐场所;棋牌室,080306,310000,上海市,21,上海市,310110,杨浦区,四平路,"121.514444,31.278131",[],体育休闲服务,娱乐场所,棋牌室,121.514444,31.278131,"121.510061,31.280172",121.510061,31.280172,POINT (121.510061 31.280172),休闲娱乐
B0FFGO803E,雅乐鑫棋牌室,国权路39号102室,体育休闲服务;娱乐场所;棋牌室,080306,310000,上海市,21,上海市,310110,杨浦区,四平路,"121.518376,31.287711",18851555575,体育休闲服务,娱乐场所,棋牌室,121.518376,31.287711,"121.514006,31.289759",121.514006,31.289759,POINT (121.514006 31.289759),休闲娱乐
B0FFHQ6JTC,环球一号会所,国权路37号附近,体育休闲服务;体育休闲服务场所;体育休闲服务场所,080000,310000,上海市,21,上海市,310110,杨浦区,四平路,"121.519437,31.287954",[],体育休闲服务,体育休闲服务场所,体育休闲服务场所,121.519437,31.287954,"121.51507,31.290005",121.51507,31.290005,POINT (121.51507 31.290005),休闲娱乐
B0H1U11C5Y,糖吉柯德沉浸式剧本推理馆,大连路与阜新路交叉口西北约60米,体育休闲服务;体育休闲服务场所;体育休闲服务场所,080000,310000,上海市,21,上海市,310110,杨浦区,四平路,"121.503386,31.273458",13524580093,体育休闲服务,体育休闲服务场所,体育休闲服务场所,121.503386,31.273458,"121.498963,31.275468",121.498963,31.275468,POINT (121.498963 31.275468),休闲娱乐
B0FFJEQSLR,MAGE麦其儿童乐园(五角场店),五角场镇黄兴路2111号(东方商厦),体育休闲服务;休闲场所;游乐场,080501,310000,上海市,21,上海市,310110,杨浦区,四平路,"121.515884,31.297688",[],体育休闲服务,休闲场所,游乐场,121.515884,31.297688,"121.511504,31.299725",121.511504,31.299725,POINT (121.511504 31.299725),休闲娱乐
B0IBRCYFXM,万物国度VR·游戏体验馆,四平路5158号607室,体育休闲服务;休闲场所;休闲场所,080500,310000,上海市,21,上海市,310110,杨浦区,四平路,"121.513629,31.294645",18337016345,体育休闲服务,休闲场所,休闲场所,121.513629,31.294645,"121.509241,31.296677",121.509241,31.296677,POINT (121.509241 31.296677),休闲娱乐
B0H2KOF0OE,Mini Mars亲子会所(杨浦黄兴店),黄兴路1831号,体育休闲服务;休闲场所;游乐场,080501,310000,上海市,21,上海市,310110,杨浦区,四平路,"121.518743,31.291577",[],体育休闲服务,休闲场所,游乐场,121.518743,31.291577,"121.514373,31.293625",121.514373,31.293625,POINT (121.514373 31.293625),休闲娱乐
B0FFH10ORL,星墅99连锁旅店(国权路店),国权路与政仁路交叉口西南约60米,住宿服务;宾馆酒店;经济型连锁酒店|住宿服务;旅馆招待所;旅馆招待所,100105|100200,310000,上海市,21,上海市,310110,杨浦区,四平路,"121.517222,31.288036",[],住宿服务,宾馆酒店,经济型连锁酒店|住宿服务,121.517222,31.288036,"121.512847,31.290081",121.512847,31.290081,POINT (121.512847 31.290081),休闲娱乐
B0FFMAZPTI,出租车司机专用公共厕所,新港路103号,公共设施;公共厕所;公共厕所,200300,310000,上海市,21,上海市,310110,杨浦区,四平路,"121.508630,31.276021",[],公共设施,公共厕所,公共厕所,121.50863,31.276021,"121.504226,31.278046",121.504226,31.278046,POINT (121.504226 31.278046),休闲娱乐
B0FFHIWIOB,应急避难场所,[],公共设施;紧急避难场所;紧急避难场所,200400,310000,上海市,21,上海市,310110,杨浦区,四平路,"121.501577,31.284133",[],公共设施,紧急避难场所,紧急避难场所,121.501577,31.284133,"121.497147,31.286133",121.497147,31.286133,POINT (121.497147 31.286133),休闲娱乐
B0FFH027B4,应急避难场所,四平路1293号附近,公共设施;紧急避难场所;紧急避难场所,200400,310000,上海市,21,上海市,310110,杨浦区,四平路,"121.503493,31.285834",[],公共设施,紧急避难场所,紧急避难场所,121.503493,31.285834,"121.49907,31.287839",121.49907,31.287839,POINT (121.49907 31.287839),休闲娱乐
B0FFHCUIOR,紧急避难场所(国权路),国权路579号附近,公共设施;紧急避难场所;紧急避难场所,200400,310000,上海市,21,上海市,310110,杨浦区,四平路,"121.502646,31.294915",[],公共设施,紧急避难场所,紧急避难场所,121.502646,31.294915,"121.498219,31.296914",121.498219,31.296914,POINT (121.498219 31.296914),休闲娱乐
B0FFGTKPTO,紧急避难场所(国泰路),四平路与国泰路交叉口西150米,公共设施;紧急避难场所;紧急避难场所,200400,310000,上海市,21,上海市,310110,杨浦区,四平路,"121.508043,31.287547",[],公共设施,紧急避难场所,紧急避难场所,121.508043,31.287547,"121.503636,31.289565",121.503636,31.289565,POINT (121.503636 31.289565),休闲娱乐
B0FFGTI1HM,紧急避难场所(国康路),中山北二路1111号附近,公共设施;紧急避难场所;紧急避难场所,200400,310000,上海市,21,上海市,310110,杨浦区,四平路,"121.505093,31.286249",[],公共设施,紧急避难场所,紧急避难场所,121.505093,31.286249,"121.500675,31.288259",121.500675,31.288259,POINT (121.500675 31.288259),休闲娱乐
B0FFGTHXIT,紧急避难场所(抚顺路),抚顺路239附近,公共设施;紧急避难场所;紧急避难场所,200400,310000,上海市,21,上海市,310110,杨浦区,四平路,"121.515132,31.280099",[],公共设施,紧急避难场所,紧急避难场所,121.515132,31.280099,"121.510751,31.282141",121.510751,31.282141,POINT (121.510751 31.282141),休闲娱乐
B0FFHNZKZE,应急掩蔽场所(国顺路),四平路1950弄23-1号,公共设施;紧急避难场所;紧急避难场所,200400,310000,上海市,21,上海市,310110,杨浦区,四平路,"121.512715,31.290810",[],公共设施,紧急避难场所,紧急避难场所,121.512715,31.29081,"121.508324,31.292841",121.508324,31.292841,POINT (121.508324 31.292841),休闲娱乐
B0FFHNI354,应急掩蔽场所(国定路),国定路97号附近,公共设施;紧急避难场所;紧急避难场所,200400,310000,上海市,21,上海市,310110,杨浦区,四平路,"121.514849,31.293584",[],公共设施,紧急避难场所,紧急避难场所,121.514849,31.293584,"121.510466,31.29562",121.510466,31.29562,POINT (121.510466 31.29562),休闲娱乐
B0FFHDMBUB,应急掩蔽场所(国康路),中山北二路1143号附近,公共设施;紧急避难场所;紧急避难场所,200400,310000,上海市,21,上海市,310110,杨浦区,四平路,"121.502420,31.286941",[],公共设施,紧急避难场所,紧急避难场所,121.50242,31.286941,"121.497993,31.288943",121.497993,31.288943,POINT (121.497993 31.288943),休闲娱乐
B0FFHDMALH,应急掩蔽场所(四平路),四平路2500号,公共设施;紧急避难场所;紧急避难场所,200400,310000,上海市,21,上海市,310110,杨浦区,四平路,"121.515407,31.298763",[],公共设施,紧急避难场所,紧急避难场所,121.515407,31.298763,"121.511025,31.300798",121.511025,31.300798,POINT (121.511025 31.300798),休闲娱乐
B0FFH5K8KL,应急掩蔽场所(政化路),政化路1号附近,公共设施;紧急避难场所;紧急避难场所,200400,310000,上海市,21,上海市,310110,杨浦区,四平路,"121.509767,31.290529",[],公共设施,紧急避难场所,紧急避难场所,121.509767,31.290529,"121.505366,31.292551",121.505366,31.292551,POINT (121.505366 31.292551),休闲娱乐
B0FFIW951G,应急掩蔽场所(华丰大楼东),国顺路128弄-5-2,公共设施;紧急避难场所;紧急避难场所,200400,310000,上海市,21,上海市,310110,杨浦区,四平路,"121.514958,31.290860",[],公共设施,紧急避难场所,紧急避难场所,121.514958,31.29086,"121.510575,31.292897",121.510575,31.292897,POINT (121.510575 31.292897),休闲娱乐
B0FFIW93SG,应急掩蔽场所(吴家浜小区东北),飞虹路南100米,公共设施;紧急避难场所;紧急避难场所,200400,310000,上海市,21,上海市,310110,杨浦区,四平路,"121.510157,31.265390",[],公共设施,紧急避难场所,紧急避难场所,121.510157,31.26539,"121.505759,31.267424",121.505759,31.267424,POINT (121.505759 31.267424),休闲娱乐
B0FFHGRFD4,应急掩蔽场所(建中大楼西北),赤峰路南100米,公共设施;紧急避难场所;紧急避难场所,200400,310000,上海市,21,上海市,310110,杨浦区,四平路,"121.501994,31.278891",[],公共设施,紧急避难场所,紧急避难场所,121.501994,31.278891,"121.497566,31.280895",121.497566,31.280895,POINT (121.497566 31.280895),休闲娱乐
B0FFHDX19I,应急掩蔽场所(中山北二路),中山北二路1129附近,公共设施;紧急避难场所;紧急避难场所,200400,310000,上海市,21,上海市,310110,杨浦区,四平路,"121.503557,31.286775",[],公共设施,紧急避难场所,紧急避难场所,121.503557,31.286775,"121.499134,31.28878",121.499134,31.28878,POINT (121.499134 31.28878),休闲娱乐
B0FFGHZI02,应急掩蔽场所(馨怡花园东北),铁岭路与锦西路交叉口东北150米,公共设施;紧急避难场所;紧急避难场所,200400,310000,上海市,21,上海市,310110,杨浦区,四平路,"121.515465,31.278565",[],公共设施,紧急避难场所,紧急避难场所,121.515465,31.278565,"121.511085,31.280609",121.511085,31.280609,POINT (121.511085 31.280609),休闲娱乐
B0FFIW97L4,应急掩蔽场所(密云小区东区东),密云路东200米,公共设施;紧急避难场所;紧急避难场所,200400,310000,上海市,21,上海市,310110,杨浦区,四平路,"121.498467,31.278666",[],公共设施,紧急避难场所,紧急避难场所,121.498467,31.278666,"121.494026,31.280659",121.494026,31.280659,POINT (121.494026 31.280659),休闲娱乐
B0FFIW97GG,应急掩蔽场所(新纪元国际广场东南),黄兴路1625号附近,公共设施;紧急避难场所;紧急避难场所,200400,310000,上海市,21,上海市,310110,杨浦区,四平路,"121.520786,31.287075",[],公共设施,紧急避难场所,紧急避难场所,121.520786,31.287075,"121.516424,31.28913",121.516424,31.28913,POINT (121.516424 31.28913),休闲娱乐
B0FFH9VUDV,应急掩蔽场所(上海共清护理医院东南),国科路4附近,公共设施;紧急避难场所;紧急避难场所,200400,310000,上海市,21,上海市,310110,杨浦区,四平路,"121.520122,31.287293",[],公共设施,紧急避难场所,紧急避难场所,121.520122,31.287293,"121.515758,31.289347",121.515758,31.289347,POINT (121.515758 31.289347),休闲娱乐
B0FFFGXZDD,同济大学-健身房,四平路1239号同济大学内,体育休闲服务;运动场馆;健身中心,080111,310000,上海市,21,上海市,310110,杨浦区,四平路,"121.496381,31.282196",021-65983310,体育休闲服务,运动场馆,健身中心,121.496381,31.282196,"121.491932,31.284181",121.491932,31.284181,POINT (121.491932 31.284181),休闲娱乐
B0FFIPIPLL,爱照护(上海江浦)店,飞虹路757号,体育休闲服务;度假疗养场所;疗养院,080402,310000,上海市,21,上海市,310110,杨浦区,四平路,"121.513658,31.267335",4000063300,体育休闲服务,度假疗养场所,疗养院,121.513658,31.267335,"121.509273,31.269378",121.509273,31.269378,POINT (121.509273 31.269378),休闲娱乐
B0G02D4PU0,长丘青年旅舍(上海复旦大学店),国权后路7号,住宿服务;住宿服务相关;住宿服务相关,100000,310000,上海市,21,上海市,310110,杨浦区,四平路,"121.505598,31.289210",19946095124,住宿服务,住宿服务相关,住宿服务相关,121.505598,31.28921,"121.501182,31.29122",121.501182,31.29122,POINT (121.501182 31.29122),休闲娱乐
B0GKUXNC3M,上海朋客青年旅社,邯郸路399号二层东1商铺,住宿服务;住宿服务相关;住宿服务相关,100000,310000,上海市,21,上海市,310110,杨浦区,四平路,"121.510878,31.298031",021-65653319,住宿服务,住宿服务相关,住宿服务相关,121.510878,31.298031,"121.50648,31.300053",121.50648,31.300053,POINT (121.50648 31.300053),休闲娱乐
B0GKC4QBT9,上海momo公寓(3号店),四平路与大连西路交叉口东北约40米,住宿服务;住宿服务相关;住宿服务相关,100000,310000,上海市,21,上海市,310110,杨浦区,四平路,"121.501580,31.275141",[],住宿服务,住宿服务相关,住宿服务相关,121.50158,31.275141,"121.497151,31.277145",121.497151,31.277145,POINT (121.497151 31.277145),休闲娱乐
B0IBUK7W2W,上海房东男儿本色公寓,国权路财富国际广场金座(东南门),住宿服务;住宿服务相关;住宿服务相关,100000,310000,上海市,21,上海市,310110,杨浦区,四平路,"121.518506,31.287488","18816572379;+862126137886,15554827#",住宿服务,住宿服务相关,住宿服务相关,121.518506,31.287488,"121.514136,31.289537",121.514136,31.289537,POINT (121.514136 31.289537),休闲娱乐
B0G1FBMKR2,上海momo公寓(2号店),四平路与大连西路交叉口北约40米,住宿服务;住宿服务相关;住宿服务相关,100000,310000,上海市,21,上海市,310110,杨浦区,四平路,"121.501457,31.275265",[],住宿服务,住宿服务相关,住宿服务相关,121.501457,31.275265,"121.497027,31.277268",121.497027,31.277268,POINT (121.497027 31.277268),休闲娱乐
B0HAXKMQXF,上海乐融居公寓,"控江路2068号控江旭辉MALL西侧,近打虎山路",住宿服务;住宿服务相关;住宿服务相关,100000,310000,上海市,21,上海市,310110,杨浦区,四平路,"121.508795,31.273438",[],住宿服务,住宿服务相关,住宿服务相关,121.508795,31.273438,"121.504392,31.275464",121.504392,31.275464,POINT (121.504392 31.275464),休闲娱乐
B0I6YKPKEK,上海C乐乐之家公寓(许昌路分店),许昌路辽源三村小区,住宿服务;住宿服务相关;住宿服务相关,100000,310000,上海市,21,上海市,310110,杨浦区,四平路,"121.512105,31.271408","18901736096;+862126137886,17558386#",住宿服务,住宿服务相关,住宿服务相关,121.512105,31.271408,"121.507714,31.273445",121.507714,31.273445,POINT (121.507714 31.273445),休闲娱乐
B0I6YKP4WN,上海C乐乐之家公寓,双辽支路张家浜小区(西南门),住宿服务;住宿服务相关;住宿服务相关,100000,310000,上海市,21,上海市,310110,杨浦区,四平路,"121.516457,31.269333","18901736096;+862126137886,17558386#",住宿服务,住宿服务相关,住宿服务相关,121.516457,31.269333,"121.512081,31.271383",121.512081,31.271383,POINT (121.512081 31.271383),休闲娱乐
B0FFM5FVBE,上海雅赞公寓(16号店),东方星座1号楼(江浦路东方星座1508号),住宿服务;住宿服务相关;住宿服务相关,100000,310000,上海市,21,上海市,310110,杨浦区,四平路,"121.518049,31.271302",15048981987,住宿服务,住宿服务相关,住宿服务相关,121.518049,31.271302,"121.513679,31.273356",121.513679,31.273356,POINT (121.513679 31.273356),休闲娱乐
B0FFI6F2I8,上海上海静的民宿(10号店),国定路277弄铁村小区38号楼,住宿服务;住宿服务相关;住宿服务相关,100000,310000,上海市,21,上海市,310110,杨浦区,四平路,"121.510265,31.295119",[],住宿服务,住宿服务相关,住宿服务相关,121.510265,31.295119,"121.505865,31.297141",121.505865,31.297141,POINT (121.505865 31.297141),休闲娱乐
B0G2VCJVND,上海五角场金沐之家公寓,国顺路650弄74号,住宿服务;住宿服务相关;住宿服务相关,100000,310000,上海市,21,上海市,310110,杨浦区,四平路,"121.506109,31.296245",[],住宿服务,住宿服务相关,住宿服务相关,121.506109,31.296245,"121.501694,31.298254",121.501694,31.298254,POINT (121.501694 31.298254),休闲娱乐
B00155L2O3,法善庵(装修中),政本路338号,风景名胜;风景名胜;寺庙道观,110205,310000,上海市,21,上海市,310110,杨浦区,四平路,"121.515232,31.285545",[],风景名胜,风景名胜,寺庙道观,121.515232,31.285545,"121.510851,31.287585",121.510851,31.287585,POINT (121.510851 31.287585),休闲娱乐
B0IBKMG0VT,法治文化园地,[],风景名胜;公园广场;公园,110101,310000,上海市,21,上海市,310110,杨浦区,四平路,"121.511988,31.276260",[],风景名胜,公园广场,公园,121.511988,31.27626,"121.507596,31.278294",121.507596,31.278294,POINT (121.507596 31.278294),休闲娱乐
B0FFFS8X9R,四平科技公园广场-庭院,国权后路复旦大学(邯郸校区)南侧约140米,风景名胜;风景名胜相关;旅游景点,110000,310000,上海市,21,上海市,310110,杨浦区,四平路,"121.503836,31.288876",[],风景名胜,风景名胜相关,旅游景点,121.503836,31.288876,"121.499414,31.290881",121.499414,31.290881,POINT (121.499414 31.290881),休闲娱乐
B0FFJGPLDS,上海Rose浪漫和諧之家公寓,控江路2200号和平花苑,住宿服务;住宿服务相关;住宿服务相关,100000,310000,上海市,21,上海市,310110,杨浦区,四平路,"121.507913,31.272403",17321021838,住宿服务,住宿服务相关,住宿服务相关,121.507913,31.272403,"121.503507,31.274427",121.503507,31.274427,POINT (121.503507 31.274427),休闲娱乐
B0FFLJ174P,上海住进好时光公寓(赤峰路分店),同济大学四平路校区,住宿服务;住宿服务相关;住宿服务相关,100000,310000,上海市,21,上海市,310110,杨浦区,四平路,"121.501488,31.282941",[],住宿服务,住宿服务相关,住宿服务相关,121.501488,31.282941,"121.497058,31.284941",121.497058,31.284941,POINT (121.497058 31.284941),休闲娱乐
B0FFLGK7XQ,上海上海途掌柜119562精品民宿,控江旭辉MALL1218室,住宿服务;住宿服务相关;住宿服务相关,100000,310000,上海市,21,上海市,310110,杨浦区,四平路,"121.508958,31.273606",[],住宿服务,住宿服务相关,住宿服务相关,121.508958,31.273606,"121.504555,31.275633",121.504555,31.275633,POINT (121.504555 31.275633),休闲娱乐
B0FFIJIHM2,上海考研之家公寓(政肃路分店),政肃路45弄(复旦第十宿舍),住宿服务;住宿服务相关;住宿服务相关,100000,310000,上海市,21,上海市,310110,杨浦区,四平路,"121.507341,31.294768",[],住宿服务,住宿服务相关,住宿服务相关,121.507341,31.294768,"121.502931,31.296781",121.502931,31.296781,POINT (121.502931 31.296781),休闲娱乐
B0FFKLISSD,上海爱晴公寓青年旅舍,国权后路15弄19号601,住宿服务;住宿服务相关;住宿服务相关,100000,310000,上海市,21,上海市,310110,杨浦区,四平路,"121.504420,31.289013",15026899638,住宿服务,住宿服务相关,住宿服务相关,121.50442,31.289013,"121.5,31.29102",121.5,31.29102,POINT (121.5 31.29102),休闲娱乐
B0I6GKNWHK,上海光颢公寓(锦西路分店),锦西路40号旁边,住宿服务;住宿服务相关;住宿服务相关,100000,310000,上海市,21,上海市,310110,杨浦区,四平路,"121.513012,31.276989","13922152523;+862126137886,4343025#",住宿服务,住宿服务相关,住宿服务相关,121.513012,31.276989,"121.508624,31.279026",121.508624,31.279026,POINT (121.508624 31.279026),休闲娱乐
B0I65KAYTW,上海s&home公寓(政仁路分店),政仁路财富国际广场金座(东南门)沪东财富国际广场金座,住宿服务;住宿服务相关;住宿服务相关,100000,310000,上海市,21,上海市,310110,杨浦区,四平路,"121.518506,31.287486","13381978280;+862126137886,5623339#",住宿服务,住宿服务相关,住宿服务相关,121.518506,31.287486,"121.514136,31.289535",121.514136,31.289535,POINT (121.514136 31.289535),休闲娱乐
B0HRNUVDWJ,苏步青旧居,复旦大学玖园,风景名胜;风景名胜相关;旅游景点,110000,310000,上海市,21,上海市,310110,杨浦区,四平路,"121.507234,31.295717",[],风景名胜,风景名胜相关,旅游景点,121.507234,31.295717,"121.502823,31.297729",121.502823,31.297729,POINT (121.502823 31.297729),休闲娱乐
B0HRNUV6GX,谈家桢(陈建功)旧居,国顺路650弄,风景名胜;风景名胜;纪念馆,110204,310000,上海市,21,上海市,310110,杨浦区,四平路,"121.506344,31.296032",[],风景名胜,风景名胜,纪念馆,121.506344,31.296032,"121.50193,31.298042",121.50193,31.298042,POINT (121.50193 31.298042),休闲娱乐
B0IBTK4BSF,上海徐琼公寓(打虎山路分店),打虎山路鞍山六村-130号,住宿服务;住宿服务相关;住宿服务相关,100000,310000,上海市,21,上海市,310110,杨浦区,四平路,"121.507761,31.273031","13764378497;+862126137886,118221#",住宿服务,住宿服务相关,住宿服务相关,121.507761,31.273031,"121.503354,31.275054",121.503354,31.275054,POINT (121.503354 31.275054),休闲娱乐
B0I65KBT8A,上海COCO公寓(辽源西路分店),辽源西路辽源一村铁路工房,住宿服务;住宿服务相关;住宿服务相关,100000,310000,上海市,21,上海市,310110,杨浦区,四平路,"121.509907,31.269007","18621838461;+862126137886,5588885#",住宿服务,住宿服务相关,住宿服务相关,121.509907,31.269007,"121.505508,31.271038",121.505508,31.271038,POINT (121.505508 31.271038),休闲娱乐
B00156YKY7,同济大学学生运动纪念园,四平路1239号同济大学四平路校区,风景名胜;风景名胜;纪念馆,110204,310000,上海市,21,上海市,310110,杨浦区,四平路,"121.504178,31.28164",[],风景名胜,风景名胜,纪念馆,121.504178,31.28164,"121.499758,31.283649",121.499758,31.283649,POINT (121.499758 31.283649),休闲娱乐
B0FFIQF1PN,上海少女阿雨公寓,阜新路鞍山六村南区鞍山六村80号106室,住宿服务;住宿服务相关;住宿服务相关,100000,310000,上海市,21,上海市,310110,杨浦区,四平路,"121.505441,31.274318",[],住宿服务,住宿服务相关,住宿服务相关,121.505441,31.274318,"121.501026,31.276334",121.501026,31.276334,POINT (121.501026 31.276334),休闲娱乐
B0FFIKQC6U,柯灵公寓,国权路39号财富国际广场23楼,住宿服务;旅馆招待所;旅馆招待所,100200,310000,上海市,21,上海市,310110,杨浦区,四平路,"121.518405,31.287498",[],住宿服务,旅馆招待所,旅馆招待所,121.518405,31.287498,"121.514035,31.289547",121.514035,31.289547,POINT (121.514035 31.289547),休闲娱乐
B0FFIY7AY5,小禾驿站,国权路29号1楼-2楼,住宿服务;住宿服务相关;住宿服务相关,100000,310000,上海市,21,上海市,310110,杨浦区,四平路,"121.519001,31.288639",021-55081826,住宿服务,住宿服务相关,住宿服务相关,121.519001,31.288639,"121.514633,31.290689",121.514633,31.290689,POINT (121.514633 31.290689),休闲娱乐
B0FFKEHO1W,上海财富国际公寓(2号店),财富国际广场(国权路),住宿服务;住宿服务相关;住宿服务相关,100000,310000,上海市,21,上海市,310110,杨浦区,四平路,"121.519219,31.288153",[],住宿服务,住宿服务相关,住宿服务相关,121.519219,31.288153,"121.514851,31.290204",121.514851,31.290204,POINT (121.514851 31.290204),休闲娱乐
B0FFGYZIBO,城家公寓(上海五角场国权路地铁站店),国顺路138号,住宿服务;宾馆酒店;宾馆酒店|住宿服务;旅馆招待所;旅馆招待所|商务住宅;商务住宅相关;商务住宅相关,100100|100200|120000,310000,上海市,21,上海市,310110,杨浦区,四平路,"121.513981,31.291128",18221705105,住宿服务,宾馆酒店,宾馆酒店|住宿服务,121.513981,31.291128,"121.509595,31.293162",121.509595,31.293162,POINT (121.509595 31.293162),休闲娱乐
B0FFKM4KAR,上海冬天里的一把火公寓(胜利村分店),大连路鞍山六村南区-93号楼,住宿服务;住宿服务相关;住宿服务相关,100000,310000,上海市,21,上海市,310110,杨浦区,四平路,"121.507181,31.273581","18321386738;+862126137886,109463#",住宿服务,住宿服务相关,住宿服务相关,121.507181,31.273581,"121.502772,31.275602",121.502772,31.275602,POINT (121.502772 31.275602),休闲娱乐
B0FFH180OY,观复草堂,赤峰路59号4号401室,风景名胜;风景名胜相关;旅游景点,110000,310000,上海市,21,上海市,310110,杨浦区,四平路,"121.502071,31.279632",[],风景名胜,风景名胜相关,旅游景点,121.502071,31.279632,"121.497643,31.281635",121.497643,31.281635,POINT (121.497643 31.281635),休闲娱乐
B0FFJC87OK,上海猜fing公寓,鞍山七村33号楼409室,住宿服务;住宿服务相关;住宿服务相关,100000,310000,上海市,21,上海市,310110,杨浦区,四平路,"121.503205,31.273939",[],住宿服务,住宿服务相关,住宿服务相关,121.503205,31.273939,"121.498782,31.275948",121.498782,31.275948,POINT (121.498782 31.275948),休闲娱乐
B0FFG72E4T,上海石榴青年旅舍,国权后路15弄19号中通公寓,住宿服务;住宿服务相关;住宿服务相关,100000,310000,上海市,21,上海市,310110,杨浦区,四平路,"121.504538,31.289419",[],住宿服务,住宿服务相关,住宿服务相关,121.504538,31.289419,"121.500118,31.291426",121.500118,31.291426,POINT (121.500118 31.291426),休闲娱乐
B0H0SD02K3,上海海派驿站(大连西路分店),四平路775号405室,住宿服务;住宿服务相关;住宿服务相关,100000,310000,上海市,21,上海市,310110,杨浦区,四平路,"121.501791,31.275550",15800374468,住宿服务,住宿服务相关,住宿服务相关,121.501791,31.27555,"121.497362,31.277554",121.497362,31.277554,POINT (121.497362 31.277554),休闲娱乐
B0FFKGW3MJ,「冬天里的一把火」公寓,鞍山七村-33号楼,住宿服务;住宿服务相关;住宿服务相关,100000,310000,上海市,21,上海市,310110,杨浦区,四平路,"121.503040,31.273971",[],住宿服务,住宿服务相关,住宿服务相关,121.50304,31.273971,"121.498616,31.27598",121.498616,31.27598,POINT (121.498616 31.27598),休闲娱乐
B0H2PCRZ37,上海C乐乐公寓(控江路分店),控江路与许昌路交叉口西约180米,住宿服务;住宿服务相关;住宿服务相关,100000,310000,上海市,21,上海市,310110,杨浦区,四平路,"121.510434,31.272975",[],住宿服务,住宿服务相关,住宿服务相关,121.510434,31.272975,"121.506037,31.275006",121.506037,31.275006,POINT (121.506037 31.275006),休闲娱乐
B0HKOKEH2Y,上海光颢公寓(抚顺路分店),抚顺路鞍山三村住宅小区,住宿服务;住宿服务相关;住宿服务相关,100000,310000,上海市,21,上海市,310110,杨浦区,四平路,"121.511608,31.278489","13922152523;+862126137886,4343025#",住宿服务,住宿服务相关,住宿服务相关,121.511608,31.278489,"121.507214,31.280521",121.507214,31.280521,POINT (121.507214 31.280521),休闲娱乐
B0FFJ88BOB,上海C乐乐公寓(辽源二村第二社区分店),辽源二村90号309,住宿服务;住宿服务相关;住宿服务相关,100000,310000,上海市,21,上海市,310110,杨浦区,四平路,"121.512143,31.269839",[],住宿服务,住宿服务相关,住宿服务相关,121.512143,31.269839,"121.507752,31.271877",121.507752,31.271877,POINT (121.507752 31.271877),休闲娱乐
B0FFKLIU9L,上海C乐乐公寓(许昌路店),双辽支路65弄张家浜小区,住宿服务;住宿服务相关;住宿服务相关,100000,310000,上海市,21,上海市,310110,杨浦区,四平路,"121.516779,31.269174",[],住宿服务,住宿服务相关,住宿服务相关,121.516779,31.269174,"121.512405,31.271225",121.512405,31.271225,POINT (121.512405 31.271225),休闲娱乐
B0G1JU5ZC2,长江口中华鲟自然保护区基地,赤峰路63号3号楼6楼,风景名胜;风景名胜相关;旅游景点,110000,310000,上海市,21,上海市,310110,杨浦区,四平路,"121.500957,31.279520",[],风景名胜,风景名胜相关,旅游景点,121.500957,31.27952,"121.496525,31.28152",121.496525,31.28152,POINT (121.496525 31.28152),休闲娱乐
B0FFK77RRA,米兰白领公寓,国权路39号米兰广场,住宿服务;宾馆酒店;宾馆酒店,100100,310000,上海市,21,上海市,310110,杨浦区,四平路,"121.519170,31.288330",[],住宿服务,宾馆酒店,宾馆酒店,121.51917,31.28833,"121.514802,31.29038",121.514802,31.29038,POINT (121.514802 31.29038),休闲娱乐
B0FFI64KTG,V6家园,国权路37号,住宿服务;住宿服务相关;住宿服务相关,100000,310000,上海市,21,上海市,310110,杨浦区,四平路,"121.519580,31.288034",[],住宿服务,住宿服务相关,住宿服务相关,121.51958,31.288034,"121.515214,31.290086",121.515214,31.290086,POINT (121.515214 31.290086),休闲娱乐
B00156YKY3,同济大学四平路校区千秋园,四平路1239号同济大学四平路校区,风景名胜;风景名胜;风景名胜,110200,310000,上海市,21,上海市,310110,杨浦区,四平路,"121.499989,31.28458",[],风景名胜,风景名胜,风景名胜,121.499989,31.28458,"121.495553,31.286575",121.495553,31.286575,POINT (121.495553 31.286575),休闲娱乐
B0H07U58DJ,安泊派公寓,阜新路182弄11号安泊派公寓,住宿服务;住宿服务相关;住宿服务相关,100000,310000,上海市,21,上海市,310110,杨浦区,四平路,"121.507492,31.277118",[],住宿服务,住宿服务相关,住宿服务相关,121.507492,31.277118,"121.503084,31.279139",121.503084,31.279139,POINT (121.503084 31.279139),休闲娱乐
B0FFF2CPI1,皇冠大宴会厅,邯郸路199号上海复旦皇冠假日酒店2层,住宿服务;宾馆酒店;宾馆酒店|科教文化服务;会展中心;会展中心,100100|140300,310000,上海市,21,上海市,310110,杨浦区,四平路,"121.501804,31.295172",[],住宿服务,宾馆酒店,宾馆酒店|科教文化服务,121.501804,31.295172,"121.497374,31.297168",121.497374,31.297168,POINT (121.497374 31.297168),休闲娱乐
B0FFGYY9S5,建筑工作室(同济大学店),赤峰路与密云路交叉口东南约180米,住宿服务;住宿服务相关;住宿服务相关,100000,310000,上海市,21,上海市,310110,杨浦区,四平路,"121.497752,31.281073",[],住宿服务,住宿服务相关,住宿服务相关,121.497752,31.281073,"121.493308,31.283063",121.493308,31.283063,POINT (121.493308 31.283063),休闲娱乐
B0FFJWXJL1,白领公寓客房,五角场镇政肃路55号晶晶公寓,住宿服务;旅馆招待所;旅馆招待所,100200,310000,上海市,21,上海市,310110,杨浦区,四平路,"121.506163,31.294332",[],住宿服务,旅馆招待所,旅馆招待所,121.506163,31.294332,"121.501749,31.296342",121.501749,31.296342,POINT (121.501749 31.296342),休闲娱乐
B0FFH111CF,三号湾广场-公共厕所,国定路335号甲,公共设施;公共厕所;公共厕所,200300,310000,上海市,21,上海市,310110,杨浦区,四平路,"121.509287,31.296602",[],公共设施,公共厕所,公共厕所,121.509287,31.296602,"121.504884,31.29862",121.504884,31.29862,POINT (121.504884 31.29862),休闲娱乐
B0FFHOBZNL,公共厕所,中山北二路768号,公共设施;公共厕所;公共厕所,200300,310000,上海市,21,上海市,310110,杨浦区,四平路,"121.512469,31.284895",[],公共设施,公共厕所,公共厕所,121.512469,31.284895,"121.508078,31.286927",121.508078,31.286927,POINT (121.508078 31.286927),休闲娱乐
B0FFHEFP72,公共厕所,阜新路149号,公共设施;公共厕所;公共厕所,200300,310000,上海市,21,上海市,310110,杨浦区,四平路,"121.506485,31.276609",[],公共设施,公共厕所,公共厕所,121.506485,31.276609,"121.502073,31.278627",121.502073,31.278627,POINT (121.502073 31.278627),休闲娱乐
B0FFH0LM3B,公共厕所,四平路1039号,公共设施;公共厕所;公共厕所,200300,310000,上海市,21,上海市,310110,杨浦区,四平路,"121.503117,31.276832",[],公共设施,公共厕所,公共厕所,121.503117,31.276832,"121.498693,31.27884",121.498693,31.27884,POINT (121.498693 31.27884),休闲娱乐
B0FFHLSOMJ,公共厕所(装修中),政法路171号,公共设施;公共厕所;公共厕所,200300,310000,上海市,21,上海市,310110,杨浦区,四平路,"121.513615,31.293807",[],公共设施,公共厕所,公共厕所,121.513615,31.293807,"121.509227,31.295839",121.509227,31.295839,POINT (121.509227 31.295839),休闲娱乐
B0FFF2FDE2,公共厕所,四平路1777号,公共设施;公共厕所;公共厕所,200300,310000,上海市,21,上海市,310110,杨浦区,四平路,"121.507668,31.286694",[],公共设施,公共厕所,公共厕所,121.507668,31.286694,"121.50326,31.288711",121.50326,31.288711,POINT (121.50326 31.288711),休闲娱乐
B0FFMB2SSK,男洗手间,8号线10号线换乘站四平路站四平路站B1,公共设施;公共厕所;公共厕所,200300,310000,上海市,21,上海市,310110,杨浦区,四平路,"121.502099,31.274954",[],公共设施,公共厕所,公共厕所,121.502099,31.274954,"121.497672,31.27696",121.497672,31.27696,POINT (121.497672 31.27696),休闲娱乐
B0FFLCEO25,无障碍洗手间,邯郸路与国宾路交叉口东南约220米,公共设施;公共厕所;公共厕所,200300,310000,上海市,21,上海市,310110,杨浦区,四平路,"121.514689,31.297668",[],公共设施,公共厕所,公共厕所,121.514689,31.297668,"121.510305,31.299702",121.510305,31.299702,POINT (121.510305 31.299702),休闲娱乐
B0FFM7IIC3,UMAX悠迈生活广场-洗手间,四平路2500号(近黄兴路),公共设施;公共厕所;公共厕所,200300,310000,上海市,21,上海市,310110,杨浦区,四平路,"121.515450,31.298745",[],公共设施,公共厕所,公共厕所,121.51545,31.298745,"121.511068,31.30078",121.511068,31.30078,POINT (121.511068 31.30078),休闲娱乐
B0FFH10KXJ,绿色米兰奥特莱斯-女洗手间,国权路与政仁路交叉口东约100米,公共设施;公共厕所;公共厕所,200300,310000,上海市,21,上海市,310110,杨浦区,四平路,"121.518779,31.288284",[],公共设施,公共厕所,公共厕所,121.518779,31.288284,"121.51441,31.290333",121.51441,31.290333,POINT (121.51441 31.290333),休闲娱乐
B00157I017,海上海·弘基休闲广场-公共厕所,飞虹路海上海弘基休闲广场,公共设施;公共厕所;公共厕所,200300,310000,上海市,21,上海市,310110,杨浦区,四平路,"121.508006,31.266352",[],公共设施,公共厕所,公共厕所,121.508006,31.266352,"121.503601,31.268379",121.503601,31.268379,POINT (121.503601 31.268379),休闲娱乐
B0FFF5VQRE,复旦体育中心运动场,政修路270号,体育休闲服务;运动场馆;运动场所,080100,310000,上海市,21,上海市,310110,杨浦区,四平路,"121.502881,31.291839",[],体育休闲服务,运动场馆,运动场所,121.502881,31.291839,"121.498455,31.29384",121.498455,31.29384,POINT (121.498455 31.29384),休闲娱乐
B0FFLAIJX3,康善养老院,打虎山路辽源西路107号,体育休闲服务;度假疗养场所;疗养院,080402,310000,上海市,21,上海市,310110,杨浦区,四平路,"121.512469,31.268490",[],体育休闲服务,度假疗养场所,疗养院,121.512469,31.26849,"121.508079,31.270529",121.508079,31.270529,POINT (121.508079 31.270529),休闲娱乐
B0FFJE2N1C,Come in健身塑形综合运动俱乐部,国权路230弄11号楼B1层-A(复旦教育进修学院对面),体育休闲服务;运动场馆;健身中心,080111,310000,上海市,21,上海市,310110,杨浦区,四平路,"121.512187,31.289445",13391322127;13564100100,体育休闲服务,运动场馆,健身中心,121.512187,31.289445,"121.507795,31.291475",121.507795,31.291475,POINT (121.507795 31.291475),休闲娱乐
B0H2JHTK70,元贞跆拳道馆,大连路1548号莱克大厦2号门三楼315室(上海教育电视台对面),体育休闲服务;运动场馆;跆拳道场馆,080119,310000,上海市,21,上海市,310110,杨浦区,四平路,"121.503545,31.273493",[],体育休闲服务,运动场馆,跆拳道场馆,121.503545,31.273493,"121.499123,31.275503",121.499123,31.275503,POINT (121.499123 31.275503),休闲娱乐
B0FFH9F8NC,凡凡跆拳道馆,新港路7号卢比克魔方C栋1层101-102(近和平公园),体育休闲服务;运动场馆;跆拳道场馆,080119,310000,上海市,21,上海市,310110,杨浦区,四平路,"121.505409,31.268271",021-65665972;13524991352,体育休闲服务,运动场馆,跆拳道场馆,121.505409,31.268271,"121.500994,31.270289",121.500994,31.270289,POINT (121.500994 31.270289),休闲娱乐
B0FFINMS7M,俊彦跆拳道(君欣时代广场店),上海市控江路1777号君欣广场3楼L312,体育休闲服务;运动场馆;跆拳道场馆,080119,310000,上海市,21,上海市,310110,杨浦区,四平路,"121.514175,31.273464",15601884955,体育休闲服务,运动场馆,跆拳道场馆,121.514175,31.273464,"121.509791,31.275506",121.509791,31.275506,POINT (121.509791 31.275506),休闲娱乐
B0FFHTOMII,东英跆拳道俱乐部(绿色米兰奥特莱斯桑拿洗浴国权路店),国权路49号绿色米兰广场王座3层,体育休闲服务;运动场馆;跆拳道场馆,080119,310000,上海市,21,上海市,310110,杨浦区,四平路,"121.518916,31.288188",[],体育休闲服务,运动场馆,跆拳道场馆,121.518916,31.288188,"121.514547,31.290238",121.514547,31.290238,POINT (121.514547 31.290238),休闲娱乐
B0FFGDRZXG,跆极道馆(紫荆广场),控江路1628号紫荆广场F3层L3-05A,体育休闲服务;运动场馆;跆拳道场馆,080119,310000,上海市,21,上海市,310110,杨浦区,四平路,"121.516570,31.274791",17501663393;18721454943,体育休闲服务,运动场馆,跆拳道场馆,121.51657,31.274791,"121.512194,31.276839",121.512194,31.276839,POINT (121.512194 31.276839),休闲娱乐
B0H04DC8AM,追光x暴风眼沉浸体验游戏馆,五角场街道四平路2500号悠迈生活广场4楼,体育休闲服务;娱乐场所;娱乐场所,080300,310000,上海市,21,上海市,310110,杨浦区,四平路,"121.515472,31.298651",[],体育休闲服务,娱乐场所,娱乐场所,121.515472,31.298651,"121.51109,31.300687",121.51109,31.300687,POINT (121.51109 31.300687),休闲娱乐
B0FFI8ASAO,贝菲特健身(三号湾广场店),国定路333号B1层G101-1室,体育休闲服务;运动场馆;健身中心,080111,310000,上海市,21,上海市,310110,杨浦区,四平路,"121.509154,31.296891",021-65126656;021-56810655,体育休闲服务,运动场馆,健身中心,121.509154,31.296891,"121.50475,31.298909",121.50475,31.298909,POINT (121.50475 31.298909),休闲娱乐
B0FFI2Z1NJ,男洗手间(旭辉MALL),四平路街道控江路2068号旭辉MALLB1层,公共设施;公共厕所;男洗手间,200301,310000,上海市,21,上海市,310110,杨浦区,四平路,"121.509262,31.273664",[],公共设施,公共厕所,男洗手间,121.509262,31.273664,"121.50486,31.275691",121.50486,31.275691,POINT (121.50486 31.275691),休闲娱乐
B0FFHNTT9X,男洗手间(九隆坊),五角场黄兴路1737号九隆坊B1层,公共设施;公共厕所;男洗手间,200301,310000,上海市,21,上海市,310110,杨浦区,四平路,"121.518682,31.291158",[],公共设施,公共厕所,男洗手间,121.518682,31.291158,"121.514312,31.293206",121.514312,31.293206,POINT (121.514312 31.293206),休闲娱乐
B0FFHNTTAD,男洗手间(九隆坊),五角场黄兴路1737号九隆坊F1层,公共设施;公共厕所;男洗手间,200301,310000,上海市,21,上海市,310110,杨浦区,四平路,"121.518684,31.291151",[],公共设施,公共厕所,男洗手间,121.518684,31.291151,"121.514314,31.293199",121.514314,31.293199,POINT (121.514314 31.293199),休闲娱乐
B0FFHNTTAB,男洗手间(九隆坊),五角场黄兴路1737号九隆坊F2层,公共设施;公共厕所;男洗手间,200301,310000,上海市,21,上海市,310110,杨浦区,四平路,"121.519201,31.290536",[],公共设施,公共厕所,男洗手间,121.519201,31.290536,"121.514833,31.292586",121.514833,31.292586,POINT (121.514833 31.292586),休闲娱乐
B0G2UN30TA,米高轮滑(旭辉mall店),控江路2068号旭辉mall商场1号楼2层,体育休闲服务;运动场馆;运动场所,080100,310000,上海市,21,上海市,310110,杨浦区,四平路,"121.508931,31.273630",13601936198;13681778853,体育休闲服务,运动场馆,运动场所,121.508931,31.27363,"121.504528,31.275657",121.504528,31.275657,POINT (121.504528 31.275657),休闲娱乐
B0FFGDZY1H,城市轮滑(紫荆广场),控江路1628号紫荆广场F3层L3-21,体育休闲服务;运动场馆;溜冰场|科教文化服务;培训机构;培训机构,080107|141400,310000,上海市,21,上海市,310110,杨浦区,四平路,"121.516680,31.275013",13761743952,体育休闲服务,运动场馆,溜冰场|科教文化服务,121.51668,31.275013,"121.512305,31.277062",121.512305,31.277062,POINT (121.512305 31.277062),休闲娱乐
B00156YKY8,同济大学一二九运动场,四平路1251号同济大学,体育休闲服务;运动场馆;运动场所,080100,310000,上海市,21,上海市,310110,杨浦区,四平路,"121.503875,31.280124",[],体育休闲服务,运动场馆,运动场所,121.503875,31.280124,"121.499454,31.282133",121.499454,31.282133,POINT (121.499454 31.282133),休闲娱乐
B0FFIY7FFI,上海江浦社区爱照护长者照护之家,飞虹路777弄1号底层,体育休闲服务;体育休闲服务场所;体育休闲服务场所,080000,310000,上海市,21,上海市,310110,杨浦区,四平路,"121.513598,31.267350",[],体育休闲服务,体育休闲服务场所,体育休闲服务场所,121.513598,31.26735,"121.509212,31.269393",121.509212,31.269393,POINT (121.509212 31.269393),休闲娱乐
B0I69A4LP7,遇言家·OC逃逃屋,[],体育休闲服务;娱乐场所;娱乐场所,080300,310000,上海市,21,上海市,310110,杨浦区,四平路,"121.515805,31.298582",[],体育休闲服务,娱乐场所,娱乐场所,121.515805,31.298582,"121.511425,31.300619",121.511425,31.300619,POINT (121.511425 31.300619),休闲娱乐
B0GUP6XA3R,脉柯卫星,中山北二路与国康路交叉口东南120米,体育休闲服务;运动场馆;网球场,080103,310000,上海市,21,上海市,310110,杨浦区,四平路,"121.502205,31.286789",[],体育休闲服务,运动场馆,网球场,121.502205,31.286789,"121.497777,31.28879",121.497777,31.28879,POINT (121.497777 31.28879),休闲娱乐
B00156YKY2,同济大学排球场(密云路),四平路1239号同济大学篮球场附近,体育休闲服务;运动场馆;运动场所,080100,310000,上海市,21,上海市,310110,杨浦区,四平路,"121.503755,31.281212",[],体育休闲服务,运动场馆,运动场所,121.503755,31.281212,"121.499333,31.28322",121.499333,31.28322,POINT (121.499333 31.28322),休闲娱乐
B00156YKML,复旦大学附属中学田径场,邯郸路220号复旦大学邯郸校区,体育休闲服务;运动场馆;运动场所,080100,310000,上海市,21,上海市,310110,杨浦区,四平路,"121.505588,31.289988",[],体育休闲服务,运动场馆,运动场所,121.505588,31.289988,"121.501172,31.291998",121.501172,31.291998,POINT (121.501172 31.291998),休闲娱乐
B0FFHT93TI,吉云,国顺路124-2号,体育休闲服务;休闲场所;休闲场所|公司企业;公司;公司|生活服务;洗浴推拿场所;洗浴推拿场所|购物服务;购物相关场所;购物相关场所,080500|170200|071400,310000,上海市,21,上海市,310110,杨浦区,四平路,"121.515091,31.290674",[],体育休闲服务,休闲场所,休闲场所|公司企业,121.515091,31.290674,"121.510709,31.292712",121.510709,31.292712,POINT (121.510709 31.292712),休闲娱乐
B00156LU8P,同济大学-羽毛球馆(暂停营业),四平路1239号同济大学四平路校区内,体育休闲服务;运动场馆;羽毛球场,080118,310000,上海市,21,上海市,310110,杨浦区,四平路,"121.504747,31.281903",021-65982200,体育休闲服务,运动场馆,羽毛球场,121.504747,31.281903,"121.500329,31.283914",121.500329,31.283914,POINT (121.500329 31.283914),休闲娱乐
B0H1KS14IY,NATIONAL GOLD BUSINESS CLUB,[],体育休闲服务;娱乐场所;酒吧,080304,310000,上海市,21,上海市,310110,杨浦区,四平路,"121.504333,31.272653",[],体育休闲服务,娱乐场所,酒吧,121.504333,31.272653,"121.499914,31.274666",121.499914,31.274666,POINT (121.499914 31.274666),休闲娱乐
B0GDFLWHBI,哈达·灵初瑜伽会所(杨浦店),阜新路20弄1号楼204室,体育休闲服务;运动场馆;健身中心,080111,310000,上海市,21,上海市,310110,杨浦区,四平路,"121.504585,31.272886",021-65015090;13764807304,体育休闲服务,运动场馆,健身中心,121.504585,31.272886,"121.500167,31.2749",121.500167,31.2749,POINT (121.500167 31.2749),休闲娱乐
B0FFGBIKKV,威尔仕健身(控江旭辉店),控江路2068号,体育休闲服务;运动场馆;健身中心,080111,310000,上海市,21,上海市,310110,杨浦区,四平路,"121.509134,31.272964",021-65662099,体育休闲服务,运动场馆,健身中心,121.509134,31.272964,"121.504732,31.274991",121.504732,31.274991,POINT (121.504732 31.274991),休闲娱乐
B0GRUU7ATG,心宇瑜伽生活馆,本溪路63号新凤城商务中心3楼301室,体育休闲服务;运动场馆;健身中心,080111,310000,上海市,21,上海市,310110,杨浦区,四平路,"121.521947,31.277637",16601893358,体育休闲服务,运动场馆,健身中心,121.521947,31.277637,"121.51759,31.2797",121.51759,31.2797,POINT (121.51759 31.2797),休闲娱乐
B0H2FLMLCF,萌抓屋(悠迈生活广场店),四平路2500号UMAX悠迈生活广场B1,体育休闲服务;娱乐场所;娱乐场所,080300,310000,上海市,21,上海市,310110,杨浦区,四平路,"121.516013,31.298390",15800551079,体育休闲服务,娱乐场所,娱乐场所,121.516013,31.29839,"121.511633,31.300427",121.511633,31.300427,POINT (121.511633 31.300427),休闲娱乐
B0I6A7AB70,暴风眼密室,四平路2500号音儿悠迈生活广场4层,体育休闲服务;娱乐场所;娱乐场所,080300,310000,上海市,21,上海市,310110,杨浦区,四平路,"121.516255,31.297774",[],体育休闲服务,娱乐场所,娱乐场所,121.516255,31.297774,"121.511876,31.299812",121.511876,31.299812,POINT (121.511876 31.299812),休闲娱乐
B0FFJZ6JQT,77真人密室逃脱(五角场店),四平路2500号UMAX悠迈生活广场B3,体育休闲服务;娱乐场所;娱乐场所,080300,310000,上海市,21,上海市,310110,杨浦区,四平路,"121.516117,31.297980",[],体育休闲服务,娱乐场所,娱乐场所,121.516117,31.29798,"121.511738,31.300018",121.511738,31.300018,POINT (121.511738 31.300018),休闲娱乐
B0H1UX18RA,趣玩空间(紫荆广场江浦路店),控江路1628号紫荆广场F3,体育休闲服务;体育休闲服务场所;体育休闲服务场所,080000,310000,上海市,21,上海市,310110,杨浦区,四平路,"121.517024,31.275108",13585796508,体育休闲服务,体育休闲服务场所,体育休闲服务场所,121.517024,31.275108,"121.51265,31.277158",121.51265,31.277158,POINT (121.51265 31.277158),休闲娱乐
B0FFF00ITC,同济大学老年活动中心(同三路),彰武路同济新村900号,体育休闲服务;休闲场所;休闲场所,080500,310000,上海市,21,上海市,310110,杨浦区,四平路,"121.510364,31.283321",[],体育休闲服务,休闲场所,休闲场所,121.510364,31.283321,"121.505966,31.285348",121.505966,31.285348,POINT (121.505966 31.285348),休闲娱乐
B0HGX5YSM1,又一村社区第二老年活动室,飞虹路与通北路交叉口西南约140米,体育休闲服务;休闲场所;休闲场所,080500,310000,上海市,21,上海市,310110,杨浦区,四平路,"121.511677,31.266070",[],体育休闲服务,休闲场所,休闲场所,121.511677,31.26607,"121.507285,31.268108",121.507285,31.268108,POINT (121.507285 31.268108),休闲娱乐
B0FFIGRWZQ,辽新社区老年活动室,飞虹路668号,体育休闲服务;休闲场所;休闲场所,080500,310000,上海市,21,上海市,310110,杨浦区,四平路,"121.512159,31.267361",[],体育休闲服务,休闲场所,休闲场所,121.512159,31.267361,"121.507768,31.2694",121.507768,31.2694,POINT (121.507768 31.2694),休闲娱乐
B0HAKNECSP,老年活动,铁岭路铁岭路90弄社区,体育休闲服务;体育休闲服务场所;体育休闲服务场所,080000,310000,上海市,21,上海市,310110,杨浦区,四平路,"121.512511,31.280352",[],体育休闲服务,体育休闲服务场所,体育休闲服务场所,121.512511,31.280352,"121.508121,31.282386",121.508121,31.282386,POINT (121.508121 31.282386),休闲娱乐
B0FFI7R8CI,健型健身工作室,控江路1555号信息技术大厦27楼2704室,体育休闲服务;体育休闲服务场所;体育休闲服务场所,080000,310000,上海市,21,上海市,310110,杨浦区,四平路,"121.519043,31.274621",[],体育休闲服务,体育休闲服务场所,体育休闲服务场所,121.519043,31.274621,"121.514676,31.276677",121.514676,31.276677,POINT (121.514676 31.276677),休闲娱乐
B0FFHNTTA3,女洗手间(九隆坊),五角场黄兴路1737号九隆坊F4层,公共设施;公共厕所;女洗手间,200302,310000,上海市,21,上海市,310110,杨浦区,四平路,"121.518790,31.291014",[],公共设施,公共厕所,女洗手间,121.51879,31.291014,"121.514421,31.293062",121.514421,31.293062,POINT (121.514421 31.293062),休闲娱乐
B0FFH4MZ9L,女洗手间(同济联合广场),彰武路42号同济联合广场F2层,公共设施;公共厕所;女洗手间,200302,310000,上海市,21,上海市,310110,杨浦区,四平路,"121.507213,31.281376",[],公共设施,公共厕所,女洗手间,121.507213,31.281376,"121.502803,31.283394",121.502803,31.283394,POINT (121.502803 31.283394),休闲娱乐
B0H0V94Q47,女洗手间(旭辉MALL),四平路街道控江路2068号旭辉MALLF3层,公共设施;公共厕所;女洗手间,200302,310000,上海市,21,上海市,310110,杨浦区,四平路,"121.508971,31.273038",[],公共设施,公共厕所,女洗手间,121.508971,31.273038,"121.504569,31.275065",121.504569,31.275065,POINT (121.504569 31.275065),休闲娱乐
B0FFL003HG,女洗手间(紫荆广场),控江路1628号紫荆广场F5层,公共设施;公共厕所;女洗手间,200302,310000,上海市,21,上海市,310110,杨浦区,四平路,"121.517046,31.274940",[],公共设施,公共厕所,女洗手间,121.517046,31.27494,"121.512672,31.27699",121.512672,31.27699,POINT (121.512672 31.27699),休闲娱乐
B0H2H1KARP,威尔斯健身,控江路2068号上海市旭辉商业广场3楼,体育休闲服务;运动场馆;健身中心,080111,310000,上海市,21,上海市,310110,杨浦区,四平路,"121.509012,31.273523",[],体育休闲服务,运动场馆,健身中心,121.509012,31.273523,"121.50461,31.27555",121.50461,31.27555,POINT (121.50461 31.27555),休闲娱乐
B0G27CGANC,上海奇酷健身工作室,四平路1388号同济联合C座303室,体育休闲服务;运动场馆;健身中心,080111,310000,上海市,21,上海市,310110,杨浦区,四平路,"121.507714,31.281292",19512292004,体育休闲服务,运动场馆,健身中心,121.507714,31.281292,"121.503306,31.283312",121.503306,31.283312,POINT (121.503306 31.283312),休闲娱乐
B0G2ZRH2GC,中田健身工作室同济大学店(同济联合广场店),同济联合广场c栋803号,体育休闲服务;运动场馆;健身中心,080111,310000,上海市,21,上海市,310110,杨浦区,四平路,"121.507252,31.281490",17717328220,体育休闲服务,运动场馆,健身中心,121.507252,31.28149,"121.502843,31.283508",121.502843,31.283508,POINT (121.502843 31.283508),休闲娱乐
B0FFJ9C7XH,乐刻运动健身(恒联新天地花园店),江浦路2057号2层,体育休闲服务;运动场馆;健身中心,080111,310000,上海市,21,上海市,310110,杨浦区,四平路,"121.516419,31.281188",4001501866,体育休闲服务,运动场馆,健身中心,121.516419,31.281188,"121.512042,31.283233",121.512042,31.283233,POINT (121.512042 31.283233),休闲娱乐
B0GRZ577HL,HS健身工作室(鞍山新村店),大连路1548弄莱克大厦2号楼4楼412室,体育休闲服务;运动场馆;健身中心,080111,310000,上海市,21,上海市,310110,杨浦区,四平路,"121.503681,31.273364",021-65675120,体育休闲服务,运动场馆,健身中心,121.503681,31.273364,"121.499259,31.275375",121.499259,31.275375,POINT (121.499259 31.275375),休闲娱乐
B0FFJ5AJUW,舒适堡(远洋广场店),近赤峰路1188号远洋广场4楼,体育休闲服务;运动场馆;健身中心,080111,310000,上海市,21,上海市,310110,杨浦区,四平路,"121.504623,31.277856",021-65370165;021-65370335,体育休闲服务,运动场馆,健身中心,121.504623,31.277856,"121.500204,31.279868",121.500204,31.279868,POINT (121.500204 31.279868),休闲娱乐
B0H2OHD4OI,涣尘瑜伽工作室,江浦路2117号212室,体育休闲服务;运动场馆;健身中心,080111,310000,上海市,21,上海市,310110,杨浦区,四平路,"121.515999,31.282250",18117012145,体育休闲服务,运动场馆,健身中心,121.515999,31.28225,"121.511621,31.284294",121.511621,31.284294,POINT (121.511621 31.284294),休闲娱乐
B0GKP7ZBM1,极真空手道修远道场(海上海店),大连路970号海上海9号楼307室,体育休闲服务;运动场馆;运动场所,080100,310000,上海市,21,上海市,310110,杨浦区,四平路,"121.507211,31.265920",18221629919,体育休闲服务,运动场馆,运动场所,121.507211,31.26592,"121.502803,31.267945",121.502803,31.267945,POINT (121.502803 31.267945),休闲娱乐
B0FFJ3B2IA,亚太瑜伽学院(同济大学校区),同济联合广场C座5楼,体育休闲服务;运动场馆;健身中心,080111,310000,上海市,21,上海市,310110,杨浦区,四平路,"121.507479,31.281369",021-60310112,体育休闲服务,运动场馆,健身中心,121.507479,31.281369,"121.50307,31.283388",121.50307,31.283388,POINT (121.50307 31.283388),休闲娱乐
B0H0UDK3TS,馨运日棋牌,大连路1546号招商银行旁B1层,体育休闲服务;娱乐场所;棋牌室,080306,310000,上海市,21,上海市,310110,杨浦区,四平路,"121.504168,31.272806",13321910401,体育休闲服务,娱乐场所,棋牌室,121.504168,31.272806,"121.499748,31.274819",121.499748,31.274819,POINT (121.499748 31.274819),休闲娱乐
B0FFGLBXZQ,Carrera(紫荆广场),控江路1628号紫荆广场F4层L4-22,体育休闲服务;娱乐场所;娱乐场所,080300,310000,上海市,21,上海市,310110,杨浦区,四平路,"121.516888,31.275065",[],体育休闲服务,娱乐场所,娱乐场所,121.516888,31.275065,"121.512513,31.277114",121.512513,31.277114,POINT (121.512513 31.277114),休闲娱乐
B0FFF9M3MW,网鱼网咖(杨浦同济店),彰武路42号同济联合广场E座3楼302室,体育休闲服务;娱乐场所;网吧,080308,310000,上海市,21,上海市,310110,杨浦区,四平路,"121.507803,31.281583",021-65247815,体育休闲服务,娱乐场所,网吧,121.507803,31.281583,"121.503396,31.283603",121.503396,31.283603,POINT (121.503396 31.283603),休闲娱乐
B0FFJRWG78,LEFIT24小时健身(江浦路店),江浦路2057号,体育休闲服务;运动场馆;健身中心,080111,310000,上海市,21,上海市,310110,杨浦区,四平路,"121.516402,31.281173",[],体育休闲服务,运动场馆,健身中心,121.516402,31.281173,"121.512025,31.283218",121.512025,31.283218,POINT (121.512025 31.283218),休闲娱乐
B0FFGZX32A,男洗手间(新华医院门诊楼),控江路1665号新华医院门诊楼5F层,公共设施;公共厕所;男洗手间,200301,310000,上海市,21,上海市,310110,杨浦区,四平路,"121.518416,31.274587",[],公共设施,公共厕所,男洗手间,121.518416,31.274587,"121.514047,31.276641",121.514047,31.276641,POINT (121.514047 31.276641),休闲娱乐
B0FFF3AQQI,姚家桥社区老年活动室,飞虹路1049号附近,体育休闲服务;娱乐场所;娱乐场所,080300,310000,上海市,21,上海市,310110,杨浦区,四平路,"121.515451,31.268141",[],体育休闲服务,娱乐场所,娱乐场所,121.515451,31.268141,"121.511072,31.270189",121.511072,31.270189,POINT (121.511072 31.270189),休闲娱乐
B0FFG8HBON,天益宾馆-主楼,四平路1805号,住宿服务;住宿服务相关;住宿服务相关,100000,310000,上海市,21,上海市,310110,杨浦区,四平路,"121.509532,31.289279",[],住宿服务,住宿服务相关,住宿服务相关,121.509532,31.289279,"121.50513,31.291301",121.50513,31.291301,POINT (121.50513 31.291301),休闲娱乐
B0FFIGIHZ8,奥登塞会馆,爱华酒店会所周家嘴路1301号2楼,体育休闲服务;体育休闲服务场所;体育休闲服务场所,080000,310000,上海市,21,上海市,310110,杨浦区,四平路,"121.512672,31.264578",[],体育休闲服务,体育休闲服务场所,体育休闲服务场所,121.512672,31.264578,"121.508283,31.266619",121.508283,31.266619,POINT (121.508283 31.266619),休闲娱乐
B0FFHHUC8V,不健不散健身工作室(飞虹路店),飞虹路525号,体育休闲服务;运动场馆;健身中心,080111,310000,上海市,21,上海市,310110,杨浦区,四平路,"121.508387,31.264966",[],体育休闲服务,运动场馆,健身中心,121.508387,31.264966,"121.503983,31.266995",121.503983,31.266995,POINT (121.503983 31.266995),休闲娱乐
B0FFF00JFB,凤城二村小区老年活动室,延吉西路222附近,体育休闲服务;休闲场所;休闲场所,080500,310000,上海市,21,上海市,310110,杨浦区,四平路,"121.518065,31.278031",[],体育休闲服务,休闲场所,休闲场所,121.518065,31.278031,"121.513694,31.280082",121.513694,31.280082,POINT (121.513694 31.280082),休闲娱乐
B0FFGDLN5O,海上海·弘基休闲广场-洗手间,飞虹路568弄3号创邑海上海F2,公共设施;公共厕所;公共厕所,200300,310000,上海市,21,上海市,310110,杨浦区,四平路,"121.507385,31.266078",[],公共设施,公共厕所,公共厕所,121.507385,31.266078,"121.502977,31.268103",121.502977,31.268103,POINT (121.502977 31.268103),休闲娱乐
B0FFHNTTA4,女洗手间(九隆坊),五角场黄兴路1737号九隆坊F2层,公共设施;公共厕所;女洗手间,200302,310000,上海市,21,上海市,310110,杨浦区,四平路,"121.518698,31.291114",[],公共设施,公共厕所,女洗手间,121.518698,31.291114,"121.514328,31.293162",121.514328,31.293162,POINT (121.514328 31.293162),休闲娱乐
B0FFL1RYZI,密云社区老年活动室,密云路上海市曲阳第二中学东南侧约30米,体育休闲服务;休闲场所;休闲场所,080500,310000,上海市,21,上海市,310110,杨浦区,四平路,"121.496574,31.279273",[],体育休闲服务,休闲场所,休闲场所,121.496574,31.279273,"121.492126,31.28126",121.492126,31.28126,POINT (121.492126 31.28126),休闲娱乐
B0GU3LJLZ9,MR.MUSCLE FITNESS健身工作室(控江店),中山北二路与黄兴路交叉口西160米,体育休闲服务;运动场馆;健身中心,080111,310000,上海市,21,上海市,310110,杨浦区,四平路,"121.520441,31.285398",[],体育休闲服务,运动场馆,健身中心,121.520441,31.285398,"121.516078,31.287453",121.516078,31.287453,POINT (121.516078 31.287453),休闲娱乐
B0FFL003HK,男洗手间(紫荆广场),控江路1628号紫荆广场F3层,公共设施;公共厕所;男洗手间,200301,310000,上海市,21,上海市,310110,杨浦区,四平路,"121.517235,31.275192",[],公共设施,公共厕所,男洗手间,121.517235,31.275192,"121.512862,31.277242",121.512862,31.277242,POINT (121.512862 31.277242),休闲娱乐
B0FFL003HR,无障碍洗手间(紫荆广场),控江路1628号紫荆广场F3层,公共设施;公共厕所;残障洗手间/无障碍洗手间,200303,310000,上海市,21,上海市,310110,杨浦区,四平路,"121.515972,31.274854",[],公共设施,公共厕所,残障洗手间/无障碍洗手间,121.515972,31.274854,"121.511594,31.276901",121.511594,31.276901,POINT (121.511594 31.276901),休闲娱乐
B0FFL003HQ,哺乳室(紫荆广场),控江路1628号紫荆广场F3层,公共设施;公共厕所;婴儿换洗间/哺乳室/母婴室,200304,310000,上海市,21,上海市,310110,杨浦区,四平路,"121.517267,31.275147",[],公共设施,公共厕所,婴儿换洗间/哺乳室/母婴室,121.517267,31.275147,"121.512894,31.277197",121.512894,31.277197,POINT (121.512894 31.277197),休闲娱乐
B0FFIJS6OD,小勇士运动馆(旭辉MALL),四平路街道控江路2068号旭辉MALLF2层2F-13,体育休闲服务;运动场馆;运动场所,080100,310000,上海市,21,上海市,310110,杨浦区,四平路,"121.508464,31.273561",[],体育休闲服务,运动场馆,运动场所,121.508464,31.273561,"121.50406,31.275586",121.50406,31.275586,POINT (121.50406 31.275586),休闲娱乐
B0FFL003I4,男洗手间(紫荆广场),控江路1628号紫荆广场F6层,公共设施;公共厕所;男洗手间,200301,310000,上海市,21,上海市,310110,杨浦区,四平路,"121.517072,31.274947",[],公共设施,公共厕所,男洗手间,121.517072,31.274947,"121.512698,31.276997",121.512698,31.276997,POINT (121.512698 31.276997),休闲娱乐
B0FFKUZ15H,上海东湖机械厂老干部活动室,四平路国权路230弄小区西北侧约130米,体育休闲服务;娱乐场所;娱乐场所,080300,310000,上海市,21,上海市,310110,杨浦区,四平路,"121.511207,31.290551",[],体育休闲服务,娱乐场所,娱乐场所,121.511207,31.290551,"121.506811,31.292577",121.506811,31.292577,POINT (121.506811 31.292577),休闲娱乐
B0FFL003HL,男洗手间(紫荆广场),控江路1628号紫荆广场F3层,公共设施;公共厕所;男洗手间,200301,310000,上海市,21,上海市,310110,杨浦区,四平路,"121.515947,31.274865",[],公共设施,公共厕所,男洗手间,121.515947,31.274865,"121.511569,31.276912",121.511569,31.276912,POINT (121.511569 31.276912),休闲娱乐
B0FFH4LL4S,男洗手间(同济联合广场),彰武路42号同济联合广场F3层,公共设施;公共厕所;男洗手间,200301,310000,上海市,21,上海市,310110,杨浦区,四平路,"121.508158,31.281390",[],公共设施,公共厕所,男洗手间,121.508158,31.28139,"121.503752,31.283411",121.503752,31.283411,POINT (121.503752 31.283411),休闲娱乐
B0FFL7A3OQ,阿里韦德游泳健身,大连路990号,体育休闲服务;运动场馆;健身中心,080111,310000,上海市,21,上海市,310110,杨浦区,四平路,"121.507926,31.266807",[],体育休闲服务,运动场馆,健身中心,121.507926,31.266807,"121.50352,31.268833",121.50352,31.268833,POINT (121.50352 31.268833),休闲娱乐
B0FFG8I1JE,密云养老院,密云路358号,体育休闲服务;度假疗养场所;疗养院,080402,310000,上海市,21,上海市,310110,杨浦区,四平路,"121.496640,31.276968",[],体育休闲服务,度假疗养场所,疗养院,121.49664,31.276968,"121.492193,31.278956",121.492193,31.278956,POINT (121.492193 31.278956),休闲娱乐
B0FFGZX32L,男洗手间(新华医院门诊楼),控江路1665号新华医院门诊楼1F层,公共设施;公共厕所;男洗手间,200301,310000,上海市,21,上海市,310110,杨浦区,四平路,"121.518417,31.274601",[],公共设施,公共厕所,男洗手间,121.518417,31.274601,"121.514048,31.276655",121.514048,31.276655,POINT (121.514048 31.276655),休闲娱乐
B0FFGZX32P,男洗手间(新华医院门诊楼),控江路1665号新华医院门诊楼3F层,公共设施;公共厕所;男洗手间,200301,310000,上海市,21,上海市,310110,杨浦区,四平路,"121.518415,31.274589",[],公共设施,公共厕所,男洗手间,121.518415,31.274589,"121.514046,31.276643",121.514046,31.276643,POINT (121.514046 31.276643),休闲娱乐
B00156OBD9,上海市杨浦区四平街道敬老院,铁岭路50弄63号,体育休闲服务;度假疗养场所;疗养院,080402,310000,上海市,21,上海市,310110,杨浦区,四平路,"121.515640,31.279213",021-55965215,体育休闲服务,度假疗养场所,疗养院,121.51564,31.279213,"121.511261,31.281257",121.511261,31.281257,POINT (121.511261 31.281257),休闲娱乐
B0FFIGG41E,上海海上繁花酒店公寓,"控江路,鞍山新村(江湾、五角场商业区)",住宿服务;住宿服务相关;住宿服务相关,100000,310000,上海市,21,上海市,310110,杨浦区,四平路,"121.509337,31.273315",[],住宿服务,住宿服务相关,住宿服务相关,121.509337,31.273315,"121.504936,31.275343",121.504936,31.275343,POINT (121.504936 31.275343),休闲娱乐
B0FFHWPEEV,满月·剧本杀狼人杀桌游推理俱乐部,黄兴路2005号杨浦大厦一号楼16A,体育休闲服务;体育休闲服务场所;体育休闲服务场所,080000,310000,上海市,21,上海市,310110,杨浦区,四平路,"121.518144,31.293527",17011961606,体育休闲服务,体育休闲服务场所,体育休闲服务场所,121.518144,31.293527,"121.513772,31.295572",121.513772,31.295572,POINT (121.513772 31.295572),休闲娱乐
B0IGA7UVGI,ALLIN健身,国权路269号二楼(国权路地铁站4号口旁),体育休闲服务;运动场馆;健身中心,080111,310000,上海市,21,上海市,310110,杨浦区,四平路,"121.509556,31.289810",[],体育休闲服务,运动场馆,健身中心,121.509556,31.28981,"121.505154,31.291832",121.505154,31.291832,POINT (121.505154 31.291832),休闲娱乐
B0IGO5H4S0,FEELINGME乐刻私教馆(旭辉广场店),打虎山路94号旭辉广场负1楼&地铁鞍山新村1出口,体育休闲服务;运动场馆;健身中心,080111,310000,上海市,21,上海市,310110,杨浦区,四平路,"121.509185,31.273385",[],体育休闲服务,运动场馆,健身中心,121.509185,31.273385,"121.504783,31.275412",121.504783,31.275412,POINT (121.504783 31.275412),休闲娱乐
B0H3RAG10A,Black Mola剧本侦探推理馆(杨浦店),铁岭路32号4楼414室,体育休闲服务;娱乐场所;娱乐场所,080300,310000,上海市,21,上海市,310110,杨浦区,四平路,"121.514532,31.278146",18917267780,体育休闲服务,娱乐场所,娱乐场所,121.514532,31.278146,"121.510149,31.280187",121.510149,31.280187,POINT (121.510149 31.280187),休闲娱乐
B0IA3MOSRT,上海复旦皇冠假日酒店大堂,国权路与邯郸路交叉口南80米,住宿服务;宾馆酒店;五星级宾馆,100102,310000,上海市,21,上海市,310110,杨浦区,四平路,"121.502420,31.295084",[],住宿服务,宾馆酒店,五星级宾馆,121.50242,31.295084,"121.497992,31.297082",121.497992,31.297082,POINT (121.497992 31.297082),休闲娱乐
B0I2HNWWTM,全民角斗,飞虹路568弄42-2号,体育休闲服务;运动场馆;运动场所,080100,310000,上海市,21,上海市,310110,杨浦区,四平路,"121.507749,31.267625",18701880406,体育休闲服务,运动场馆,运动场所,121.507749,31.267625,"121.503343,31.269651",121.503343,31.269651,POINT (121.503343 31.269651),休闲娱乐
B0ID77MUSX,OT台球酒吧,四平路1024-1号(四平路地铁站1号口步行440米),体育休闲服务;娱乐场所;酒吧,080304,310000,上海市,21,上海市,310110,杨浦区,四平路,"121.504947,31.276928",[],体育休闲服务,娱乐场所,酒吧,121.504947,31.276928,"121.50053,31.278941",121.50053,31.278941,POINT (121.50053 31.278941),休闲娱乐
B0IGKPIGD4,momo公寓(四平路分店),四平路与大连西路交叉口北40米(四平路地铁站1号口旁),住宿服务;住宿服务相关;住宿服务相关,100000,310000,上海市,21,上海市,310110,杨浦区,四平路,"121.501457,31.275265","+862126137886,1005409",住宿服务,住宿服务相关,住宿服务相关,121.501457,31.275265,"121.497027,31.277268",121.497027,31.277268,POINT (121.497027 31.277268),休闲娱乐
B0KD57RXRJ,呈康体育青少年篮球运动馆(和平公园店),大连路1546号(四平路地铁站3号口步行300米),体育休闲服务;运动场馆;篮球场馆,080104,310000,上海市,21,上海市,310110,杨浦区,四平路,"121.504463,31.272556",18616396632,体育休闲服务,运动场馆,篮球场馆,121.504463,31.272556,"121.500044,31.27457",121.500044,31.27457,POINT (121.500044 31.27457),休闲娱乐
B0J1FU97G9,星聚会ktv(百联ZX造趣场店),四平路2500号百联ZX造趣场4楼,体育休闲服务;娱乐场所;KTV,080302,310000,上海市,21,上海市,310110,杨浦区,四平路,"121.515947,31.298756",021-65032198;18001627578,体育休闲服务,娱乐场所,KTV,121.515947,31.298756,"121.511567,31.300793",121.511567,31.300793,POINT (121.511567 31.300793),休闲娱乐
B0KBRCQOI0,隐空间(悠迈生活广场店),四平路2500号百联zx造趣场F4层,体育休闲服务;影剧院;剧场,080603,310000,上海市,21,上海市,310110,杨浦区,四平路,"121.516132,31.297669",13661773129;18121069848,体育休闲服务,影剧院,剧场,121.516132,31.297669,"121.511753,31.299707",121.511753,31.299707,POINT (121.511753 31.299707),休闲娱乐
B0KRCCEM2C,M面剧人沉浸式交互演绎剧场,控江路与打虎山路交叉口西南100米,体育休闲服务;影剧院;剧场,080603,310000,上海市,21,上海市,310110,杨浦区,四平路,"121.508246,31.271365",[],体育休闲服务,影剧院,剧场,121.508246,31.271365,"121.503841,31.27339",121.503841,31.27339,POINT (121.503841 31.27339),休闲娱乐
B0K3RBV6T2,微笑乒乓球运动馆,阜新路与彰武路交叉口南20米,体育休闲服务;运动场馆;乒乓球馆,080112,310000,上海市,21,上海市,310110,杨浦区,四平路,"121.509208,31.281158",[],体育休闲服务,运动场馆,乒乓球馆,121.509208,31.281158,"121.504806,31.283182",121.504806,31.283182,POINT (121.504806 31.283182),休闲娱乐
B0KGOZAEYN,篮球场,抚顺路地铁站2号口步行220米,体育休闲服务;运动场馆;篮球场馆,080104,310000,上海市,21,上海市,310110,杨浦区,四平路,"121.513664,31.284498",[],体育休闲服务,运动场馆,篮球场馆,121.513664,31.284498,"121.509277,31.286534",121.509277,31.286534,POINT (121.509277 31.286534),休闲娱乐
B0KAL5IPDL,思丹乐健身工作室,大连路950号1809室,体育休闲服务;运动场馆;健身中心,080111,310000,上海市,21,上海市,310110,杨浦区,四平路,"121.507478,31.265390",18800248112,体育休闲服务,运动场馆,健身中心,121.507478,31.26539,"121.503071,31.267416",121.503071,31.267416,POINT (121.503071 31.267416),休闲娱乐
B0J17XIWZB,俊彦跆拳道(紫荆广场店),江浦路紫荆广场三楼305(江浦路地铁站3号口步行160米),体育休闲服务;运动场馆;跆拳道场馆,080119,310000,上海市,21,上海市,310110,杨浦区,四平路,"121.516644,31.274813",15601884955,体育休闲服务,运动场馆,跆拳道场馆,121.516644,31.274813,"121.512269,31.276862",121.512269,31.276862,POINT (121.512269 31.276862),休闲娱乐
B0KGACMHPX,蹦哒电玩小屋(五角场店),五角场四平路2500号14楼1401号,体育休闲服务;娱乐场所;游戏厅,080305,310000,上海市,21,上海市,310110,杨浦区,四平路,"121.515873,31.298716",[],体育休闲服务,娱乐场所,游戏厅,121.515873,31.298716,"121.511493,31.300753",121.511493,31.300753,POINT (121.511493 31.300753),休闲娱乐
B0I33ATECY,瑞境棋牌室,飞虹路568弄海上海弘基休闲广场13商铺,体育休闲服务;娱乐场所;棋牌室,080306,310000,上海市,21,上海市,310110,杨浦区,四平路,"121.507955,31.266343",15721595066,体育休闲服务,娱乐场所,棋牌室,121.507955,31.266343,"121.503549,31.26837",121.503549,31.26837,POINT (121.503549 31.26837),休闲娱乐
B0J6ABS1N0,国粹堂,国顺路138号(国权路地铁站2号口步行490米),体育休闲服务;娱乐场所;棋牌室,080306,310000,上海市,21,上海市,310110,杨浦区,四平路,"121.513975,31.290957",021-65681058;13386161977,体育休闲服务,娱乐场所,棋牌室,121.513975,31.290957,"121.509589,31.292991",121.509589,31.292991,POINT (121.509589 31.292991),休闲娱乐
B0J0BSMRY0,毛毛的四个朋友·棋牌会所,国权路35号正对面,体育休闲服务;娱乐场所;棋牌室,080306,310000,上海市,21,上海市,310110,杨浦区,四平路,"121.519190,31.288110",13671615578,体育休闲服务,娱乐场所,棋牌室,121.51919,31.28811,"121.514822,31.290161",121.514822,31.290161,POINT (121.514822 31.290161),休闲娱乐
B0FFL003I3,女洗手间(紫荆广场江浦路),控江路1628号紫荆广场(江浦路)L6层,公共设施;公共厕所;女洗手间,200302,310000,上海市,21,上海市,310110,杨浦区,四平路,"121.516466,31.275096",[],公共设施,公共厕所,女洗手间,121.516466,31.275096,"121.51209,31.277144",121.51209,31.277144,POINT (121.51209 31.277144),休闲娱乐
B0J64Z6QHD,同济大学四平路校区南区足球场,四平路1239号同济大学(四平路校区),体育休闲服务;运动场馆;足球场,080105,310000,上海市,21,上海市,310110,杨浦区,四平路,"121.498050,31.279844",[],体育休闲服务,运动场馆,足球场,121.49805,31.279844,"121.493608,31.281835",121.493608,31.281835,POINT (121.493608 31.281835),休闲娱乐
