id,name,address,type,typecode,pcode,pname,citycode,cityname,adcode,adname,business_area,location,tel,bigType,midType,smallType,gcj_lng,gcj_lat,wgs84_loc,wgs84Lng,wgs84Lat,geometry,function_type
B0IATZO205,复旦大学国家大学科技园地面停车场,[],交通设施服务;停车场;公共停车场,150904,310000,上海市,21,上海市,310110,杨浦区,四平路,"121.505987,31.289074",[],交通设施服务,停车场,公共停车场,121.505987,31.289074,"121.501572,31.291085",121.501572,31.291085,POINT (121.501572 31.291085),交通设施
B0FFFWUDWX,大连西路4弄小区停车场,大连西路4弄(四平路地铁站1号口步行230米),交通设施服务;停车场;公共停车场,150904,310000,上海市,21,上海市,310110,杨浦区,四平路,"121.500480,31.275946",[],交通设施服务,停车场,公共停车场,121.50048,31.275946,"121.496047,31.277946",121.496047,31.277946,POINT (121.496047 31.277946),交通设施
BX10035457,国权路地铁站1号口,18号线,交通设施服务;地铁站;出入口,150501,310000,上海市,21,上海市,310110,杨浦区,四平路,"121.510670,31.289962",[],交通设施服务,地铁站,出入口,121.51067,31.289962,"121.506272,31.291987",121.506272,31.291987,POINT (121.506272 31.291987),交通设施
B0IATZO204,复旦大学国家大学科技园地面停车场(出入口),[],交通设施服务;停车场;停车场出入口,150909,310000,上海市,21,上海市,310110,杨浦区,四平路,"121.505987,31.289074",[],交通设施服务,停车场,停车场出入口,121.505987,31.289074,"121.501572,31.291085",121.501572,31.291085,POINT (121.501572 31.291085),交通设施
B0G26RNH6U,四平路东方商厦附近大型停车场,四平路金岛大厦西侧,交通设施服务;停车场;停车场相关,150900,310000,上海市,21,上海市,310110,杨浦区,四平路,"121.515044,31.298319",[],交通设施服务,停车场,停车场相关,121.515044,31.298319,"121.510661,31.300353",121.510661,31.300353,POINT (121.510661 31.300353),交通设施
B0IBHSEKAP,锦江之星旅馆(同济大学店)地面停车点(入口),国康路与四平路辅路交叉口西北约80米,交通设施服务;停车场;停车场入口,150907,310000,上海市,21,上海市,310110,杨浦区,四平路,"121.506956,31.285141",[],交通设施服务,停车场,停车场入口,121.506956,31.285141,"121.502545,31.287157",121.502545,31.287157,POINT (121.502545 31.287157),交通设施
B0FFFZHU02,天益宾馆停车场,四平路1805号天益宾馆,交通设施服务;停车场;公共停车场,150904,310000,上海市,21,上海市,310110,杨浦区,四平路,"121.509463,31.289346",[],交通设施服务,停车场,公共停车场,121.509463,31.289346,"121.505061,31.291368",121.505061,31.291368,POINT (121.505061 31.291368),交通设施
B0FFHO2ADH,天益宾馆地面停车场,四平路1805号天益宾馆,交通设施服务;停车场;公共停车场,150904,310000,上海市,21,上海市,310110,杨浦区,四平路,"121.508508,31.289634",[],交通设施服务,停车场,公共停车场,121.508508,31.289634,"121.504102,31.291653",121.504102,31.291653,POINT (121.504102 31.291653),交通设施
B0I6ZHIIAC,上海五角场智选假日酒店地下停车点,国顺路与黄兴路交叉口西约100米,交通设施服务;停车场;公共停车场,150904,310000,上海市,21,上海市,310110,杨浦区,四平路,"121.518415,31.291203",[],交通设施服务,停车场,公共停车场,121.518415,31.291203,"121.514044,31.29325",121.514044,31.29325,POINT (121.514044 31.29325),交通设施
B0I6ZHFQ6A,上海五角场智选假日酒店停车点(出口),国顺路与黄兴路交叉口西南约100米,交通设施服务;停车场;停车场出口,150908,310000,上海市,21,上海市,310110,杨浦区,四平路,"121.518470,31.291080",[],交通设施服务,停车场,停车场出口,121.51847,31.29108,"121.5141,31.293127",121.5141,31.293127,POINT (121.5141 31.293127),交通设施
B0I6ZH7DMZ,上海五角场智选假日酒店地下停车点(出入口),国顺路与黄兴路交叉口西约100米,交通设施服务;停车场;停车场出入口,150909,310000,上海市,21,上海市,310110,杨浦区,四平路,"121.518415,31.291203",[],交通设施服务,停车场,停车场出入口,121.518415,31.291203,"121.514044,31.29325",121.514044,31.29325,POINT (121.514044 31.29325),交通设施
B0HKOSIFWH,同济君禧大酒店地下停车场(出入口),彰武路与阜新路交叉口西约100米,交通设施服务;停车场;停车场出入口,150909,310000,上海市,21,上海市,310110,杨浦区,四平路,"121.508141,31.281040",[],交通设施服务,停车场,停车场出入口,121.508141,31.28104,"121.503735,31.283061",121.503735,31.283061,POINT (121.503735 31.283061),交通设施
B0FFIL0NM9,海泰大酒店地下停车库,四平路1128号,交通设施服务;停车场;停车场相关,150900,310000,上海市,21,上海市,310110,杨浦区,四平路,"121.505181,31.278046",[],交通设施服务,停车场,停车场相关,121.505181,31.278046,"121.500764,31.280059",121.500764,31.280059,POINT (121.500764 31.280059),交通设施
B0H2N5G7FQ,上海复旦皇冠假日酒店地下停车场(出入口)(建设中),国权路579号上海复旦皇冠假日酒店,交通设施服务;停车场;停车场出入口,150909,310000,上海市,21,上海市,310110,杨浦区,四平路,"121.502706,31.294992",[],交通设施服务,停车场,停车场出入口,121.502706,31.294992,"121.498279,31.296991",121.498279,31.296991,POINT (121.498279 31.296991),交通设施
B0HGRDOQKO,国中公寓北停车场,阜新路20弄1-2号国中酒店公寓,交通设施服务;停车场;公共停车场,150904,310000,上海市,21,上海市,310110,杨浦区,四平路,"121.504660,31.273450",[],交通设施服务,停车场,公共停车场,121.50466,31.27345,"121.500242,31.275464",121.500242,31.275464,POINT (121.500242 31.275464),交通设施
B0HGRDN0X5,国中公寓北停车场(出入口),阜新路20弄1-2号国中酒店公寓国中公寓地上停车场,交通设施服务;停车场;停车场出入口,150909,310000,上海市,21,上海市,310110,杨浦区,四平路,"121.504537,31.273339",[],交通设施服务,停车场,停车场出入口,121.504537,31.273339,"121.500119,31.275353",121.500119,31.275353,POINT (121.500119 31.275353),交通设施
B0FFGDF7TA,停车场(出入口),国顺路138号附近,交通设施服务;停车场;停车场出入口,150909,310000,上海市,21,上海市,310110,杨浦区,四平路,"121.513859,31.290969",[],交通设施服务,停车场,停车场出入口,121.513859,31.290969,"121.509472,31.293003",121.509472,31.293003,POINT (121.509472 31.293003),交通设施
B0FFIGIRE0,10号线同济大学站(1号口),同一路与彰武路交叉口西北50米,交通设施服务;交通服务相关;交通服务相关,150000,310000,上海市,21,上海市,310110,杨浦区,四平路,"121.507149,31.282301",[],交通设施服务,交通服务相关,交通服务相关,121.507149,31.282301,"121.502739,31.284319",121.502739,31.284319,POINT (121.502739 31.284319),交通设施
BV11639103,抚顺路(地铁站),18号线,交通设施服务;地铁站;地铁站,150500,310000,上海市,21,上海市,310110,杨浦区,四平路,"121.515793,31.283664",[],交通设施服务,地铁站,地铁站,121.515793,31.283664,"121.511414,31.285707",121.511414,31.285707,POINT (121.511414 31.285707),交通设施
BV10902751,国康路四平路(公交站),北安跨线,交通设施服务;公交车站;公交车站相关,150700,310000,上海市,21,上海市,310110,杨浦区,四平路,"121.502830,31.286528",[],交通设施服务,公交车站,公交车站相关,121.50283,31.286528,"121.498404,31.288531",121.498404,31.288531,POINT (121.498404 31.288531),交通设施
BV10030782,锦西路打虎山路(公交站),713路;871路,交通设施服务;公交车站;公交车站相关,150700,310000,上海市,21,上海市,310110,杨浦区,四平路,"121.509379,31.274614",[],交通设施服务,公交车站,公交车站相关,121.509379,31.274614,"121.504978,31.276641",121.504978,31.276641,POINT (121.504978 31.276641),交通设施
BV10385877,江浦路控江路(公交站),(停运)716路;310路;554路;70路;843路,交通设施服务;公交车站;公交车站相关,150700,310000,上海市,21,上海市,310110,杨浦区,四平路,"121.518906,31.273693",[],交通设施服务,公交车站,公交车站相关,121.518906,31.273693,"121.514539,31.275749",121.514539,31.275749,POINT (121.514539 31.275749),交通设施
BV10030771,辽源西路大连路(公交站),103路;14路,交通设施服务;公交车站;公交车站相关,150700,310000,上海市,21,上海市,310110,杨浦区,四平路,"121.507157,31.268533",[],交通设施服务,公交车站,公交车站相关,121.507157,31.268533,"121.502748,31.270556",121.502748,31.270556,POINT (121.502748 31.270556),交通设施
BV10030517,中山北二路四平路(公交站),723路,交通设施服务;公交车站;公交车站相关,150700,310000,上海市,21,上海市,310110,杨浦区,四平路,"121.512522,31.284492",[],交通设施服务,公交车站,公交车站相关,121.512522,31.284492,"121.508131,31.286525",121.508131,31.286525,POINT (121.508131 31.286525),交通设施
BV10030502,江浦路中山北二路(公交站),(停运)716路;14路;843路,交通设施服务;公交车站;公交车站相关,150700,310000,上海市,21,上海市,310110,杨浦区,四平路,"121.515808,31.283455",[],交通设施服务,公交车站,公交车站相关,121.515808,31.283455,"121.511429,31.285498",121.511429,31.285498,POINT (121.511429 31.285498),交通设施
BV10025420,江浦路延吉西路(公交站),(停运)716路;115路;14路;310路;554路;80路;843路;874路,交通设施服务;公交车站;公交车站相关,150700,310000,上海市,21,上海市,310110,杨浦区,四平路,"121.516936,31.280239",[],交通设施服务,公交车站,公交车站相关,121.516936,31.280239,"121.512561,31.282286",121.512561,31.282286,POINT (121.512561 31.282286),交通设施
BV10024698,四平路赤峰路(公交站),115路;142路;147路;307路;310路;325路;554路;55路;61路;937路;960路,交通设施服务;公交车站;公交车站相关,150700,310000,上海市,21,上海市,310110,杨浦区,四平路,"121.503880,31.277357",[],交通设施服务,公交车站,公交车站相关,121.50388,31.277357,"121.499459,31.279367",121.499459,31.279367,POINT (121.499459 31.279367),交通设施
BV10030516,中山北二路密云路(公交站),723路,交通设施服务;公交车站;公交车站相关,150700,310000,上海市,21,上海市,310110,杨浦区,四平路,"121.501845,31.287522",[],交通设施服务,公交车站,公交车站相关,121.501845,31.287522,"121.497416,31.289522",121.497416,31.289522,POINT (121.497416 31.289522),交通设施
BV10030897,鞍山路锦西路(公交站),843路;960路,交通设施服务;公交车站;公交车站相关,150700,310000,上海市,21,上海市,310110,杨浦区,四平路,"121.510925,31.277292",[],交通设施服务,公交车站,公交车站相关,121.510925,31.277292,"121.506529,31.279323",121.506529,31.279323,POINT (121.506529 31.279323),交通设施
BV10030770,打虎山路控江路(公交站),103路;14路,交通设施服务;公交车站;公交车站相关,150700,310000,上海市,21,上海市,310110,杨浦区,四平路,"121.509392,31.271524",[],交通设施服务,公交车站,公交车站相关,121.509392,31.271524,"121.504991,31.273553",121.504991,31.273553,POINT (121.504991 31.273553),交通设施
B0HB6SKMQL,苏宁生活广场地下停车场(出口),邯郸路589-591号附近,交通设施服务;停车场;停车场出口,150908,310000,上海市,21,上海市,310110,杨浦区,四平路,"121.513820,31.299164",[],交通设施服务,停车场,停车场出口,121.51382,31.299164,"121.509433,31.301195",121.509433,31.301195,POINT (121.509433 31.301195),交通设施
B0HGRDOQKP,国中公寓地下停车场(出口),阜新路与大连路交叉口东约80米,交通设施服务;停车场;停车场出口,150908,310000,上海市,21,上海市,310110,杨浦区,四平路,"121.504661,31.273104",[],交通设施服务,停车场,停车场出口,121.504661,31.273104,"121.500243,31.275118",121.500243,31.275118,POINT (121.500243 31.275118),交通设施
B0H6YUBED6,上海中天大厦地下停车场(出口),四平路与赤峰路交叉口西南200米,交通设施服务;停车场;停车场出口,150908,310000,上海市,21,上海市,310110,杨浦区,四平路,"121.503009,31.277982",[],交通设施服务,停车场,停车场出口,121.503009,31.277982,"121.498585,31.279989",121.498585,31.279989,POINT (121.498585 31.279989),交通设施
B0HBM5LXUU,财富国际广场地下停车场(出口),国权路39号绿色米兰广场B2,交通设施服务;停车场;停车场出口,150908,310000,上海市,21,上海市,310110,杨浦区,四平路,"121.518909,31.287964",[],交通设施服务,停车场,停车场出口,121.518909,31.287964,"121.51454,31.290014",121.51454,31.290014,POINT (121.51454 31.290014),交通设施
B0HD951IKN,新金博大厦地下停车场(出口),邯郸路与国宾路交叉口西南约200米,交通设施服务;停车场;停车场出口,150908,310000,上海市,21,上海市,310110,杨浦区,四平路,"121.511647,31.298346",[],交通设施服务,停车场,停车场出口,121.511647,31.298346,"121.507252,31.30037",121.507252,31.30037,POINT (121.507252 31.30037),交通设施
B0HGZS39BX,莱克大厦停车场(出口),大连路与阜新路交叉口西北约80米,交通设施服务;停车场;停车场出口,150908,310000,上海市,21,上海市,310110,杨浦区,四平路,"121.503205,31.273563",[],交通设施服务,停车场,停车场出口,121.503205,31.273563,"121.498782,31.275572",121.498782,31.275572,POINT (121.498782 31.275572),交通设施
B0H6RU7X1I,九隆坊停车场(出口),国顺路与黄兴路交叉口西南约100米,交通设施服务;停车场;停车场出口,150908,310000,上海市,21,上海市,310110,杨浦区,四平路,"121.518427,31.291146",[],交通设施服务,停车场,停车场出口,121.518427,31.291146,"121.514056,31.293193",121.514056,31.293193,POINT (121.514056 31.293193),交通设施
B0H1GSSWSE,同济大厦A楼地下停车场(出口),同一路与济一路交叉口西北约60米,交通设施服务;停车场;停车场出口,150908,310000,上海市,21,上海市,310110,杨浦区,四平路,"121.507310,31.282988",[],交通设施服务,停车场,停车场出口,121.50731,31.282988,"121.502901,31.285006",121.502901,31.285006,POINT (121.502901 31.285006),交通设施
B0FFFPY12D,鞍山六村社区停车场(出口),四平路980弄1-36号,交通设施服务;停车场;停车场出入口,150909,310000,上海市,21,上海市,310110,杨浦区,四平路,"121.502652,31.274243",[],交通设施服务,停车场,停车场出入口,121.502652,31.274243,"121.498227,31.27625",121.498227,31.27625,POINT (121.498227 31.27625),交通设施
B0HDSA5BRL,怡富商务广场停车场(出口),国顺路与黄兴路交叉口西南约100米,交通设施服务;停车场;停车场出口,150908,310000,上海市,21,上海市,310110,杨浦区,四平路,"121.518426,31.291152",[],交通设施服务,停车场,停车场出口,121.518426,31.291152,"121.514055,31.293199",121.514055,31.293199,POINT (121.514055 31.293199),交通设施
B0FFGYM6TB,停车场(入口),四平路莱克大厦北100米,交通设施服务;停车场;停车场出入口,150909,310000,上海市,21,上海市,310110,杨浦区,四平路,"121.503264,31.274651",[],交通设施服务,停车场,停车场出入口,121.503264,31.274651,"121.498841,31.27666",121.498841,31.27666,POINT (121.498841 31.27666),交通设施
B0HGY7WNM4,同济科技大厦停车场(出口),[],交通设施服务;停车场;停车场出口,150908,310000,上海市,21,上海市,310110,杨浦区,四平路,"121.503517,31.287054",[],交通设施服务,停车场,停车场出口,121.503517,31.287054,"121.499094,31.289059",121.499094,31.289059,POINT (121.499094 31.289059),交通设施
B0FFHWT87Z,恒联新天地花园地上停车场(出口),江浦路2089弄,交通设施服务;停车场;停车场出入口,150909,310000,上海市,21,上海市,310110,杨浦区,四平路,"121.516081,31.281764",[],交通设施服务,停车场,停车场出入口,121.516081,31.281764,"121.511703,31.283808",121.511703,31.283808,POINT (121.511703 31.283808),交通设施
BV10640371,国康路中山北二路(公交站),五角场定班车,交通设施服务;公交车站;公交车站相关,150700,310000,上海市,21,上海市,310110,杨浦区,四平路,"121.501511,31.286749",[],交通设施服务,公交车站,公交车站相关,121.501511,31.286749,"121.49708,31.288748",121.49708,31.288748,POINT (121.49708 31.288748),交通设施
B0FFGCI8I5,停车场,黄兴路2073附近,交通设施服务;停车场;公共停车场,150904,310000,上海市,21,上海市,310110,杨浦区,四平路,"121.516072,31.297375",[],交通设施服务,停车场,公共停车场,121.516072,31.297375,"121.511693,31.299413",121.511693,31.299413,POINT (121.511693 31.299413),交通设施
BV10024697,同济大学(地铁站),10号线,交通设施服务;地铁站;地铁站,150500,310000,上海市,21,上海市,310110,杨浦区,四平路,"121.506357,31.282086",[],交通设施服务,地铁站,地铁站,121.506357,31.282086,"121.501944,31.284101",121.501944,31.284101,POINT (121.501944 31.284101),交通设施
B0GKMZQBD2,金岛大厦地下停车场(出入口),四平路2500号UMAX悠迈生活广场B2,交通设施服务;停车场;停车场出入口,150909,310000,上海市,21,上海市,310110,杨浦区,四平路,"121.515463,31.298554",[],交通设施服务,停车场,停车场出入口,121.515463,31.298554,"121.511081,31.30059",121.511081,31.30059,POINT (121.511081 31.30059),交通设施
B0HG05ZMZH,富庆国定大厦地下停车场(出入口),四平路2150号,交通设施服务;停车场;停车场出入口,150909,310000,上海市,21,上海市,310110,杨浦区,四平路,"121.514032,31.294607",[],交通设施服务,停车场,停车场出入口,121.514032,31.294607,"121.509646,31.29664",121.509646,31.29664,POINT (121.509646 31.29664),交通设施
B0HDHAFFL0,怡富商务广场地下停车场(出入口),黄兴路1737号九隆坊B2室,交通设施服务;停车场;停车场出入口,150909,310000,上海市,21,上海市,310110,杨浦区,四平路,"121.518518,31.291156",[],交通设施服务,停车场,停车场出入口,121.518518,31.291156,"121.514148,31.293203",121.514148,31.293203,POINT (121.514148 31.293203),交通设施
B0HDPULVE4,蓝天大厦地下停车场(出入口),黄兴路辅路与黄兴路交叉口西北约140米,交通设施服务;停车场;停车场出入口,150909,310000,上海市,21,上海市,310110,杨浦区,四平路,"121.516013,31.297447",[],交通设施服务,停车场,停车场出入口,121.516013,31.297447,"121.511633,31.299485",121.511633,31.299485,POINT (121.511633 31.299485),交通设施
B0HGCCJ6AP,远洋广场停车场(出入口),四平路1188号,交通设施服务;停车场;停车场出入口,150909,310000,上海市,21,上海市,310110,杨浦区,四平路,"121.504600,31.278422",[],交通设施服务,停车场,停车场出入口,121.5046,31.278422,"121.500181,31.280434",121.500181,31.280434,POINT (121.500181 31.280434),交通设施
B0GK7R3JTH,三号湾广场地下停车场(出入口）,国达路与政肃路交叉口西北约120米,交通设施服务;停车场;停车场出入口,150909,310000,上海市,21,上海市,310110,杨浦区,四平路,"121.508299,31.296522",[],交通设施服务,停车场,停车场出入口,121.508299,31.296522,"121.503892,31.298537",121.503892,31.298537,POINT (121.503892 31.298537),交通设施
B0HAJU5XSR,市政设计大厦地下停车场(出入口),国康路与四平路辅路交叉口西北约100米,交通设施服务;停车场;停车场出入口,150909,310000,上海市,21,上海市,310110,杨浦区,四平路,"121.506778,31.285392",[],交通设施服务,停车场,停车场出入口,121.506778,31.285392,"121.502367,31.287407",121.502367,31.287407,POINT (121.502367 31.287407),交通设施
B0HGOZUA9S,贵人大厦停车场(出入口),控江路与大连路交叉口东北约80米,交通设施服务;停车场;停车场出入口,150909,310000,上海市,21,上海市,310110,杨浦区,四平路,"121.507234,31.270944",[],交通设施服务,停车场,停车场出入口,121.507234,31.270944,"121.502825,31.272967",121.502825,31.272967,POINT (121.502825 31.272967),交通设施
B0HDFLHBED,国中大厦停车场(出入口),阜新路与大连路交叉口东北约80米,交通设施服务;停车场;停车场出入口,150909,310000,上海市,21,上海市,310110,杨浦区,四平路,"121.504527,31.273324",[],交通设施服务,停车场,停车场出入口,121.504527,31.273324,"121.500108,31.275337",121.500108,31.275337,POINT (121.500108 31.275337),交通设施
B0HG5UA1JP,上海国际设计中心地下停车场(出入口),中山北二路与国康路交叉口东约200米,交通设施服务;停车场;停车场出入口,150909,310000,上海市,21,上海市,310110,杨浦区,四平路,"121.503178,31.287077",[],交通设施服务,停车场,停车场出入口,121.503178,31.287077,"121.498753,31.289081",121.498753,31.289081,POINT (121.498753 31.289081),交通设施
B0HGJZJBGZ,同济规划大厦地下停车场(出入口),[],交通设施服务;停车场;停车场出入口,150909,310000,上海市,21,上海市,310110,杨浦区,四平路,"121.505207,31.286234",[],交通设施服务,停车场,停车场出入口,121.505207,31.286234,"121.50079,31.288244",121.50079,31.288244,POINT (121.50079 31.288244),交通设施
B0HGZS27MR,莱克大厦地下停车场(出入口),阜新路与大连路交叉口北约60米,交通设施服务;停车场;停车场出入口,150909,310000,上海市,21,上海市,310110,杨浦区,四平路,"121.503805,31.273524",[],交通设施服务,停车场,停车场出入口,121.503805,31.273524,"121.499384,31.275535",121.499384,31.275535,POINT (121.499384 31.275535),交通设施
B0FFHFLQV6,停车场(上海信息技术大厦东南),江浦路地铁站1号口东南200米,交通设施服务;停车场;公共停车场,150904,310000,上海市,21,上海市,310110,杨浦区,四平路,"121.520345,31.273925",[],交通设施服务,停车场,公共停车场,121.520345,31.273925,"121.515983,31.275985",121.515983,31.275985,POINT (121.515983 31.275985),交通设施
B0FFGCI6O1,停车场(国权路90弄小区东北),国权路与政仁路交叉口东北150米,交通设施服务;停车场;公共停车场,150904,310000,上海市,21,上海市,310110,杨浦区,四平路,"121.518752,31.289097",[],交通设施服务,停车场,公共停车场,121.518752,31.289097,"121.514383,31.291146",121.514383,31.291146,POINT (121.514383 31.291146),交通设施
B0FFG83VDG,停车场(抚顺路),抚顺路与鞍山路交叉口西南150米,交通设施服务;停车场;专用停车场,150905,310000,上海市,21,上海市,310110,杨浦区,四平路,"121.509335,31.277265",[],交通设施服务,停车场,专用停车场,121.509335,31.277265,"121.504933,31.279291",121.504933,31.279291,POINT (121.504933 31.279291),交通设施
B0FFHWT9QF,伊东苑地上停车场(出入口),许昌路1560弄,交通设施服务;停车场;停车场出入口,150909,310000,上海市,21,上海市,310110,杨浦区,四平路,"121.512713,31.272271",[],交通设施服务,停车场,停车场出入口,121.512713,31.272271,"121.508324,31.274309",121.508324,31.274309,POINT (121.508324 31.274309),交通设施
B0FFHWT9FM,安顺苑地上停车场(出入口),鞍山路218弄,交通设施服务;停车场;停车场出入口,150909,310000,上海市,21,上海市,310110,杨浦区,四平路,"121.510627,31.278360",[],交通设施服务,停车场,停车场出入口,121.510627,31.27836,"121.50623,31.28039",121.50623,31.28039,POINT (121.50623 31.28039),交通设施
B0FFHWT8HJ,彰武大楼地上停车场(出入口),彰武路72号,交通设施服务;停车场;停车场出入口,150909,310000,上海市,21,上海市,310110,杨浦区,四平路,"121.509719,31.280907",[],交通设施服务,停车场,停车场出入口,121.509719,31.280907,"121.505319,31.282933",121.505319,31.282933,POINT (121.505319 31.282933),交通设施
B0FFHWT89R,四季绿园地上停车场(出入口),国顺路119弄,交通设施服务;停车场;停车场出入口,150909,310000,上海市,21,上海市,310110,杨浦区,四平路,"121.516155,31.290451",[],交通设施服务,停车场,停车场出入口,121.516155,31.290451,"121.511777,31.292492",121.511777,31.292492,POINT (121.511777 31.292492),交通设施
B0FFGFAT11,复旦书馨公寓停车场(出入口),国权后路19号,交通设施服务;停车场;停车场出入口,150909,310000,上海市,21,上海市,310110,杨浦区,四平路,"121.505018,31.289496",[],交通设施服务,停车场,停车场出入口,121.505018,31.289496,"121.5006,31.291504",121.5006,31.291504,POINT (121.5006 31.291504),交通设施
B0FFHWT9R3,汇丰苑地上停车场(出入口),国权后路25弄1-22号,交通设施服务;停车场;停车场出入口,150909,310000,上海市,21,上海市,310110,杨浦区,四平路,"121.504286,31.289800",[],交通设施服务,停车场,停车场出入口,121.504286,31.2898,"121.499865,31.291806",121.499865,31.291806,POINT (121.499865 31.291806),交通设施
B0FFHWT8YJ,通华大楼地上停车场(出入口),四平路1230号甲,交通设施服务;停车场;停车场出入口,150909,310000,上海市,21,上海市,310110,杨浦区,四平路,"121.504705,31.278674",[],交通设施服务,停车场,停车场出入口,121.504705,31.278674,"121.500287,31.280686",121.500287,31.280686,POINT (121.500287 31.280686),交通设施
B0FFHWT7IU,鼎盛公寓地上停车场(出入口),中山北二路1021弄,交通设施服务;停车场;停车场出入口,150909,310000,上海市,21,上海市,310110,杨浦区,四平路,"121.505806,31.286646",[],交通设施服务,停车场,停车场出入口,121.505806,31.286646,"121.501391,31.288658",121.501391,31.288658,POINT (121.501391 31.288658),交通设施
B0FFHWT7VR,鞍山五村小区停车场(出入口),四平路1020弄,交通设施服务;停车场;停车场出入口,150909,310000,上海市,21,上海市,310110,杨浦区,四平路,"121.504578,31.277323",[],交通设施服务,停车场,停车场出入口,121.504578,31.277323,"121.500159,31.279335",121.500159,31.279335,POINT (121.500159 31.279335),交通设施
B0HGJZJ3R9,同济规划大厦停车场(出入口),[],交通设施服务;停车场;停车场出入口,150909,310000,上海市,21,上海市,310110,杨浦区,四平路,"121.505027,31.286823",[],交通设施服务,停车场,停车场出入口,121.505027,31.286823,"121.500609,31.288832",121.500609,31.288832,POINT (121.500609 31.288832),交通设施
B0FFHWT8LJ,公交新村社区停车场(出入口),四平路1230弄56号四平路1028弄1-40号阜新路169弄1-16号阜新路177-187号,交通设施服务;停车场;停车场出入口,150909,310000,上海市,21,上海市,310110,杨浦区,四平路,"121.506800,31.277203",[],交通设施服务,停车场,停车场出入口,121.5068,31.277203,"121.502389,31.279222",121.502389,31.279222,POINT (121.502389 31.279222),交通设施
B0FFFOQD19,恒联新天地花园停车场(出入口),江浦路2091号恒联新天地花园附近,交通设施服务;停车场;停车场出入口,150909,310000,上海市,21,上海市,310110,杨浦区,四平路,"121.515792,31.282725",[],交通设施服务,停车场,停车场出入口,121.515792,31.282725,"121.511413,31.284768",121.511413,31.284768,POINT (121.511413 31.284768),交通设施
B0HRLKWXNM,停车场(国权路),国权路国顺路131弄小区西南侧约50米,交通设施服务;停车场;专用停车场,150905,310000,上海市,21,上海市,310110,杨浦区,四平路,"121.512174,31.290046",[],交通设施服务,停车场,专用停车场,121.512174,31.290046,"121.507782,31.292075",121.507782,31.292075,POINT (121.507782 31.292075),交通设施
B0FFHWT6AG,同济国康公寓地上停车场(出入口),中山北二路1121号,交通设施服务;停车场;停车场出入口,150909,310000,上海市,21,上海市,310110,杨浦区,四平路,"121.503638,31.287072",[],交通设施服务,停车场,停车场出入口,121.503638,31.287072,"121.499215,31.289077",121.499215,31.289077,POINT (121.499215 31.289077),交通设施
B0FFH10ZAR,上海开放大学停车场(出入口),政法路195号附近,交通设施服务;停车场;停车场出入口,150909,310000,上海市,21,上海市,310110,杨浦区,四平路,"121.514445,31.293139",[],交通设施服务,停车场,停车场出入口,121.514445,31.293139,"121.51006,31.295174",121.51006,31.295174,POINT (121.51006 31.295174),交通设施
B0FFHWT671,凤城二村小区停车场(出入口),江浦路2017-1临附近,交通设施服务;停车场;停车场出入口,150909,310000,上海市,21,上海市,310110,杨浦区,四平路,"121.518578,31.279234",[],交通设施服务,停车场,停车场出入口,121.518578,31.279234,"121.514209,31.281286",121.514209,31.281286,POINT (121.514209 31.281286),交通设施
B0HU652G6C,同博大厦机械停车场(出入口),政本路与国科路交叉口西约40米,交通设施服务;停车场;停车场出入口,150909,310000,上海市,21,上海市,310110,杨浦区,四平路,"121.514628,31.285974",[],交通设施服务,停车场,停车场出入口,121.514628,31.285974,"121.510245,31.288012",121.510245,31.288012,POINT (121.510245 31.288012),交通设施
B0HGRDNGB1,国中公寓南停车场(出入口),阜新路与大连路交叉口东约20米,交通设施服务;停车场;停车场出入口,150909,310000,上海市,21,上海市,310110,杨浦区,四平路,"121.503853,31.272967",[],交通设施服务,停车场,停车场出入口,121.503853,31.272967,"121.499432,31.274979",121.499432,31.274979,POINT (121.499432 31.274979),交通设施
B0HGRDMDUP,国中公寓北停车场(出入口),大连路与阜新路交叉口东南约100米,交通设施服务;停车场;停车场出入口,150909,310000,上海市,21,上海市,310110,杨浦区,四平路,"121.504682,31.272368",[],交通设施服务,停车场,停车场出入口,121.504682,31.272368,"121.500264,31.274382",121.500264,31.274382,POINT (121.500264 31.274382),交通设施
B0FFICFGSS,上海同济大学停车场(出入口),赤峰路66-1号附近,交通设施服务;停车场;公共停车场,150904,310000,上海市,21,上海市,310110,杨浦区,四平路,"121.500308,31.280692",[],交通设施服务,停车场,公共停车场,121.500308,31.280692,"121.495874,31.28269",121.495874,31.28269,POINT (121.495874 31.28269),交通设施
B0HGRDMDUQ,国中公寓南停车场(出入口)(建设中),大连路与阜新路交叉口东南约100米,交通设施服务;停车场;停车场出入口,150909,310000,上海市,21,上海市,310110,杨浦区,四平路,"121.504532,31.272398",[],交通设施服务,停车场,停车场出入口,121.504532,31.272398,"121.500114,31.274412",121.500114,31.274412,POINT (121.500114 31.274412),交通设施
B00156NYDK,停车场(复华科技大楼东南),国权路507号513号,交通设施服务;停车场;专用停车场,150905,310000,上海市,21,上海市,310110,杨浦区,四平路,"121.504221,31.293244",[],交通设施服务,停车场,专用停车场,121.504221,31.293244,"121.4998,31.295248",121.4998,31.295248,POINT (121.4998 31.295248),交通设施
B0FFH022AY,停车场(复旦科技园大厦西南),国泰路127弄复旦大学,交通设施服务;停车场;公共停车场,150904,310000,上海市,21,上海市,310110,杨浦区,四平路,"121.507144,31.287897",[],交通设施服务,停车场,公共停车场,121.507144,31.287897,"121.502734,31.289912",121.502734,31.289912,POINT (121.502734 31.289912),交通设施
B0FFG6S4TS,停车场(坞浜路),国康路南150米,交通设施服务;停车场;公共停车场,150904,310000,上海市,21,上海市,310110,杨浦区,四平路,"121.501784,31.285414",[],交通设施服务,停车场,公共停车场,121.501784,31.285414,"121.497355,31.287414",121.497355,31.287414,POINT (121.497355 31.287414),交通设施
B0FFF3AQQK,停车场(东银茗苑东),周家嘴路2007东银茗苑,交通设施服务;停车场;公共停车场,150904,310000,上海市,21,上海市,310110,杨浦区,四平路,"121.514332,31.266736",[],交通设施服务,停车场,公共停车场,121.514332,31.266736,"121.509949,31.268781",121.509949,31.268781,POINT (121.509949 31.268781),交通设施
B0FFFZHVGG,鞍山六村南区停车场,打虎山路123号鞍山六村南区,交通设施服务;停车场;公共停车场,150904,310000,上海市,21,上海市,310110,杨浦区,四平路,"121.506623,31.273678",[],交通设施服务,停车场,公共停车场,121.506623,31.273678,"121.502212,31.275698",121.502212,31.275698,POINT (121.502212 31.275698),交通设施
B0FFHWT7CH,上海市杨浦区教育学院停车场(出入口),抚顺路340号,交通设施服务;停车场;停车场出入口,150909,310000,上海市,21,上海市,310110,杨浦区,四平路,"121.512664,31.279819",[],交通设施服务,停车场,停车场出入口,121.512664,31.279819,"121.508274,31.281854",121.508274,31.281854,POINT (121.508274 31.281854),交通设施
B0FFG08SXY,同济大学南校区停车场,四平路1239号同济大学四平路校区,交通设施服务;停车场;专用停车场,150905,310000,上海市,21,上海市,310110,杨浦区,四平路,"121.498961,31.279474",[],交通设施服务,停车场,专用停车场,121.498961,31.279474,"121.494522,31.281468",121.494522,31.281468,POINT (121.494522 31.281468),交通设施
B0HGJZI3IX,杨浦科技大厦西停车场,黄兴路2005弄2号楼杨浦科技大厦,交通设施服务;停车场;公共停车场,150904,310000,上海市,21,上海市,310110,杨浦区,四平路,"121.517979,31.293345",[],交通设施服务,停车场,公共停车场,121.517979,31.293345,"121.513607,31.29539",121.513607,31.29539,POINT (121.513607 31.29539),交通设施
B0FFF3AU09,同济大学四平路校区南区停车场,赤峰路63-9附近,交通设施服务;停车场;公共停车场,150904,310000,上海市,21,上海市,310110,杨浦区,四平路,"121.501099,31.279800",[],交通设施服务,停车场,公共停车场,121.501099,31.2798,"121.496668,31.2818",121.496668,31.2818,POINT (121.496668 31.2818),交通设施
B0FFH17WDZ,同济大学四平路校区停车场,赤峰路18号,交通设施服务;停车场;专用停车场,150905,310000,上海市,21,上海市,310110,杨浦区,四平路,"121.502022,31.280223",[],交通设施服务,停车场,专用停车场,121.502022,31.280223,"121.497594,31.282226",121.497594,31.282226,POINT (121.497594 31.282226),交通设施
B0HUBSCDOV,杨浦科技创业中心地下停车场,国达路118号,交通设施服务;停车场;公共停车场,150904,310000,上海市,21,上海市,310110,杨浦区,四平路,"121.508146,31.297020",[],交通设施服务,停车场,公共停车场,121.508146,31.29702,"121.503739,31.299035",121.503739,31.299035,POINT (121.503739 31.299035),交通设施
B00155Q6PJ,同济大学停车场,国康路11同济大学,交通设施服务;停车场;专用停车场,150905,310000,上海市,21,上海市,310110,杨浦区,四平路,"121.505775,31.285204",[],交通设施服务,停车场,专用停车场,121.505775,31.285204,"121.50136,31.287216",121.50136,31.287216,POINT (121.50136 31.287216),交通设施
B00156CWPF,同济大学四平路校区停车场,四平路1239号同济大学四平路校区,交通设施服务;停车场;专用停车场,150905,310000,上海市,21,上海市,310110,杨浦区,四平路,"121.499006,31.284310",[],交通设施服务,停车场,专用停车场,121.499006,31.28431,"121.494567,31.286302",121.494567,31.286302,POINT (121.494567 31.286302),交通设施
B00155KFMJ,同济大学四平路校区停车场,赤峰路50号,交通设施服务;停车场;专用停车场,150905,310000,上海市,21,上海市,310110,杨浦区,四平路,"121.506484,31.284309",[],交通设施服务,停车场,专用停车场,121.506484,31.284309,"121.502072,31.286324",121.502072,31.286324,POINT (121.502072 31.286324),交通设施
B00156NUZT,同济大学四平路校区停车场,赤峰路190号,交通设施服务;停车场;专用停车场,150905,310000,上海市,21,上海市,310110,杨浦区,四平路,"121.497670,31.282097",[],交通设施服务,停车场,专用停车场,121.49767,31.282097,"121.493226,31.284086",121.493226,31.284086,POINT (121.493226 31.284086),交通设施
B00156CWPG,同济大学四平路校区停车场,赤峰路同济大学,交通设施服务;停车场;专用停车场|交通设施服务;停车场;停车场出口,150905|150908,310000,上海市,21,上海市,310110,杨浦区,四平路,"121.498677,31.282130",[],交通设施服务,停车场,专用停车场|交通设施服务,121.498677,31.28213,"121.494237,31.284122",121.494237,31.284122,POINT (121.494237 31.284122),交通设施
B00155KV3K,同济大学停车场,赤峰路50号同济大学四平路校区,交通设施服务;停车场;专用停车场,150905,310000,上海市,21,上海市,310110,杨浦区,四平路,"121.501019,31.281537",[],交通设施服务,停车场,专用停车场,121.501019,31.281537,"121.496587,31.283537",121.496587,31.283537,POINT (121.496587 31.283537),交通设施
B0FFFZJQ52,复旦管理学院A停车场,邯郸路220号复旦大学邯郸校区,交通设施服务;停车场;公共停车场,150904,310000,上海市,21,上海市,310110,杨浦区,四平路,"121.504354,31.293321",[],交通设施服务,停车场,公共停车场,121.504354,31.293321,"121.499933,31.295326",121.499933,31.295326,POINT (121.499933 31.295326),交通设施
B0FFFZW5Y4,鞍山六村停车场,打虎山路110号鞍山六村,交通设施服务;停车场;专用停车场,150905,310000,上海市,21,上海市,310110,杨浦区,四平路,"121.504840,31.275433",[],交通设施服务,停车场,专用停车场,121.50484,31.275433,"121.500422,31.277447",121.500422,31.277447,POINT (121.500422 31.277447),交通设施
B0FFFZI1CQ,铁村小区停车场,国定路277弄1-78号铁村小区,交通设施服务;停车场;公共停车场,150904,310000,上海市,21,上海市,310110,杨浦区,四平路,"121.510066,31.294766",[],交通设施服务,停车场,公共停车场,121.510066,31.294766,"121.505666,31.296787",121.505666,31.296787,POINT (121.505666 31.296787),交通设施
B0FFFZW63W,同济新村停车场,彰武路600号同济新村,交通设施服务;停车场;公共停车场,150904,310000,上海市,21,上海市,310110,杨浦区,四平路,"121.509889,31.283071",[],交通设施服务,停车场,公共停车场,121.509889,31.283071,"121.505489,31.285096",121.505489,31.285096,POINT (121.505489 31.285096),交通设施
B0FFFZVPHO,抚顺路363弄小区停车场,抚顺路363弄小区,交通设施服务;停车场;专用停车场,150905,310000,上海市,21,上海市,310110,杨浦区,四平路,"121.511150,31.277950",[],交通设施服务,停车场,专用停车场,121.51115,31.27795,"121.506755,31.279981",121.506755,31.279981,POINT (121.506755 31.279981),交通设施
B0FFFZVPLU,江浦路2009弄小区停车场,江浦路2009弄小区,交通设施服务;停车场;专用停车场,150905,310000,上海市,21,上海市,310110,杨浦区,四平路,"121.516201,31.280069",[],交通设施服务,停车场,专用停车场,121.516201,31.280069,"121.511824,31.282114",121.511824,31.282114,POINT (121.511824 31.282114),交通设施
B0FFF8Z60D,复旦大学停车场,邯郸路220号复旦大学,交通设施服务;停车场;专用停车场,150905,310000,上海市,21,上海市,310110,杨浦区,四平路,"121.507249,31.296523",[],交通设施服务,停车场,专用停车场,121.507249,31.296523,"121.502838,31.298535",121.502838,31.298535,POINT (121.502838 31.298535),交通设施
B00156NUFF,复旦大学邯郸校区经济学院停车场,国权路600复旦大学邯郸校区经济学院,交通设施服务;停车场;公共停车场,150904,310000,上海市,21,上海市,310110,杨浦区,四平路,"121.503351,31.294921",[],交通设施服务,停车场,公共停车场,121.503351,31.294921,"121.498926,31.296922",121.498926,31.296922,POINT (121.498926 31.296922),交通设施
B0FFHWT7Z9,鞍山三村住宅小区停车场(出入口),抚顺路289号附近,交通设施服务;停车场;停车场出入口,150909,310000,上海市,21,上海市,310110,杨浦区,四平路,"121.512384,31.278966",[],交通设施服务,停车场,停车场出入口,121.512384,31.278966,"121.507993,31.281001",121.507993,31.281001,POINT (121.507993 31.281001),交通设施
B0FFI0GDZG,鞍山八村住宅小区地上停车场,彰武路与铁岭路交叉口西南约60米,交通设施服务;停车场;专用停车场,150905,310000,上海市,21,上海市,310110,杨浦区,四平路,"121.511219,31.280805",[],交通设施服务,停车场,专用停车场,121.511219,31.280805,"121.506824,31.282835",121.506824,31.282835,POINT (121.506824 31.282835),交通设施
B0HBM5M5M2,财富国际广场地下停车场(出入口),国科路与政仁路交叉口东北约120米,交通设施服务;停车场;停车场出入口,150909,310000,上海市,21,上海市,310110,杨浦区,四平路,"121.519181,31.287214",[],交通设施服务,停车场,停车场出入口,121.519181,31.287214,"121.514813,31.289265",121.514813,31.289265,POINT (121.514813 31.289265),交通设施
B0HG1ZROMT,五环大厦地下停车场(出入口),控江路与打虎山路交叉口南约120米,交通设施服务;停车场;停车场出入口,150909,310000,上海市,21,上海市,310110,杨浦区,四平路,"121.508522,31.271206",[],交通设施服务,停车场,停车场出入口,121.508522,31.271206,"121.504118,31.273232",121.504118,31.273232,POINT (121.504118 31.273232),交通设施
B0FFGE53CD,同济大学汽车队停车场(出入口),赤峰路50四平路同济大学,交通设施服务;停车场;停车场出入口,150909,310000,上海市,21,上海市,310110,杨浦区,四平路,"121.499997,31.281472",[],交通设施服务,停车场,停车场出入口,121.499997,31.281472,"121.495561,31.283468",121.495561,31.283468,POINT (121.495561 31.283468),交通设施
B0G3TXS17Z,同济大学四平路校区停车场(出入口),彰武路100号同济大学彰武路校区附近,交通设施服务;停车场;停车场出入口,150909,310000,上海市,21,上海市,310110,杨浦区,四平路,"121.513223,31.281494",[],交通设施服务,停车场,停车场出入口,121.513223,31.281494,"121.508835,31.28353",121.508835,31.28353,POINT (121.508835 31.28353),交通设施
B0FFH17W53,同济大学四平路校区停车场(出入口),赤峰路18号附近,交通设施服务;停车场;停车场出入口,150909,310000,上海市,21,上海市,310110,杨浦区,四平路,"121.501566,31.280050",[],交通设施服务,停车场,停车场出入口,121.501566,31.28005,"121.497136,31.282052",121.497136,31.282052,POINT (121.497136 31.282052),交通设施
B0FFGE53K3,同济大学四平路校区停车场(出入口),四平路1223号附近,交通设施服务;停车场;停车场出入口,150909,310000,上海市,21,上海市,310110,杨浦区,四平路,"121.504840,31.281174",[],交通设施服务,停车场,停车场出入口,121.50484,31.281174,"121.500422,31.283185",121.500422,31.283185,POINT (121.500422 31.283185),交通设施
B0FFGE53CW,同济大学四平路校区停车场(出入口),赤峰路190号,交通设施服务;停车场;停车场出入口,150909,310000,上海市,21,上海市,310110,杨浦区,四平路,"121.497348,31.281724",[],交通设施服务,停车场,停车场出入口,121.497348,31.281724,"121.492903,31.283712",121.492903,31.283712,POINT (121.492903 31.283712),交通设施
B0FFH09BDM,复旦大学南区停车场(出入口),政肃路60号,交通设施服务;停车场;停车场出入口,150909,310000,上海市,21,上海市,310110,杨浦区,四平路,"121.503898,31.292081",[],交通设施服务,停车场,停车场出入口,121.503898,31.292081,"121.499476,31.294085",121.499476,31.294085,POINT (121.499476 31.294085),交通设施
B0HD2CE0LK,俱德商务立体停车场(出入口),许昌路与飞虹路交叉口东南约80米,交通设施服务;停车场;停车场出入口,150909,310000,上海市,21,上海市,310110,杨浦区,四平路,"121.516452,31.268324",[],交通设施服务,停车场,停车场出入口,121.516452,31.268324,"121.512076,31.270375",121.512076,31.270375,POINT (121.512076 31.270375),交通设施
B0FFICCERT,复旦国际学术交流中心停车场(出入口),国权路与邯郸路交叉口南150米,交通设施服务;停车场;公共停车场,150904,310000,上海市,21,上海市,310110,杨浦区,四平路,"121.502432,31.294628",[],交通设施服务,停车场,公共停车场,121.502432,31.294628,"121.498004,31.296626",121.498004,31.296626,POINT (121.498004 31.296626),交通设施
B0FFK7G090,同济大学设计创意学院地上停车场(出入口),四平路1239号,交通设施服务;停车场;停车场出入口,150909,310000,上海市,21,上海市,310110,杨浦区,四平路,"121.508548,31.280539",[],交通设施服务,停车场,停车场出入口,121.508548,31.280539,"121.504143,31.282562",121.504143,31.282562,POINT (121.504143 31.282562),交通设施
B0FFHWT7YY,中远物业国权小区地上停车场(出入口),国权路322弄,交通设施服务;停车场;停车场出入口,150909,310000,上海市,21,上海市,310110,杨浦区,四平路,"121.508352,31.290485",[],交通设施服务,停车场,停车场出入口,121.508352,31.290485,"121.503946,31.292503",121.503946,31.292503,POINT (121.503946 31.292503),交通设施
B0FFHWT745,杨浦分局四平路派出所地上停车场(出入口),苏家屯路9号,交通设施服务;停车场;停车场出入口,150909,310000,上海市,21,上海市,310110,杨浦区,四平路,"121.509886,31.275241",[],交通设施服务,停车场,停车场出入口,121.509886,31.275241,"121.505487,31.27727",121.505487,31.27727,POINT (121.505487 31.27727),交通设施
B0FFG1UXA9,复旦大学邯郸校区南区停车场(出入口),国权路与政修路交叉口西南100米,交通设施服务;停车场;停车场出入口,150909,310000,上海市,21,上海市,310110,杨浦区,四平路,"121.504520,31.291137",[],交通设施服务,停车场,停车场出入口,121.50452,31.291137,"121.5001,31.293143",121.5001,31.293143,POINT (121.5001 31.293143),交通设施
B0FFHE9KDB,同济大学设计创意学院停车场(出入口),四平路1230号,交通设施服务;停车场;停车场出入口,150909,310000,上海市,21,上海市,310110,杨浦区,四平路,"121.506032,31.280045",[],交通设施服务,停车场,停车场出入口,121.506032,31.280045,"121.501618,31.28206",121.501618,31.28206,POINT (121.501618 31.28206),交通设施
B0FFHWTO1C,鞍山四村第二小区地上停车场(出入口),抚顺路与鞍山路交叉口西南约80米,交通设施服务;停车场;停车场出入口,150909,310000,上海市,21,上海市,310110,杨浦区,四平路,"121.509483,31.277698",[],交通设施服务,停车场,停车场出入口,121.509483,31.277698,"121.505082,31.279724",121.505082,31.279724,POINT (121.505082 31.279724),交通设施
B0G27RG4MA,凤城三村小区西区停车场(出入口),长岭路60弄江浦路2000弄,交通设施服务;停车场;停车场出入口,150909,310000,上海市,21,上海市,310110,杨浦区,四平路,"121.517027,31.280069",[],交通设施服务,停车场,停车场出入口,121.517027,31.280069,"121.512652,31.282117",121.512652,31.282117,POINT (121.512652 31.282117),交通设施
B0FFG2HWV8,复旦大学邯郸校区经济学院停车场(出入口),邯郸路220号复旦大学邯郸校区经济学院,交通设施服务;停车场;公共停车场|交通设施服务;停车场;停车场出入口,150904|150909,310000,上海市,21,上海市,310110,杨浦区,四平路,"121.503362,31.294945",[],交通设施服务,停车场,公共停车场|交通设施服务,121.503362,31.294945,"121.498937,31.296946",121.498937,31.296946,POINT (121.498937 31.296946),交通设施
B0FFFOSBUU,国权路85弄小区地上停车场(出入口),国权路49-51号附近,交通设施服务;停车场;停车场出入口,150909,310000,上海市,21,上海市,310110,杨浦区,四平路,"121.517786,31.287657",[],交通设施服务,停车场,停车场出入口,121.517786,31.287657,"121.513413,31.289704",121.513413,31.289704,POINT (121.513413 31.289704),交通设施
B0HDFUH18T,上海高科技企业杨浦孵化基地停车场(出入口),国定路与邯郸路交叉口南约120米,交通设施服务;停车场;停车场出入口,150909,310000,上海市,21,上海市,310110,杨浦区,四平路,"121.509312,31.296996",[],交通设施服务,停车场,停车场出入口,121.509312,31.296996,"121.504909,31.299014",121.504909,31.299014,POINT (121.504909 31.299014),交通设施
B0FFHQ7HUR,上海市五角场高新技术产业园区国康基地停车场(出入口),国康路,交通设施服务;停车场;停车场出入口,150909,310000,上海市,21,上海市,310110,杨浦区,四平路,"121.504762,31.285887",[],交通设施服务,停车场,停车场出入口,121.504762,31.285887,"121.500343,31.287896",121.500343,31.287896,POINT (121.500343 31.287896),交通设施
B0FFHWT6X2,锦西路30弄小区地上停车场(出入口),锦西路与铁岭路交叉口西南约80米,交通设施服务;停车场;停车场出入口,150909,310000,上海市,21,上海市,310110,杨浦区,四平路,"121.513717,31.277514",[],交通设施服务,停车场,停车场出入口,121.513717,31.277514,"121.509331,31.279553",121.509331,31.279553,POINT (121.509331 31.279553),交通设施
B0FFHWTA4C,铁岭路50弄小区地上停车场(出入口),铁岭路50弄,交通设施服务;停车场;停车场出入口,150909,310000,上海市,21,上海市,310110,杨浦区,四平路,"121.514430,31.279666",[],交通设施服务,停车场,停车场出入口,121.51443,31.279666,"121.510046,31.281706",121.510046,31.281706,POINT (121.510046 31.281706),交通设施
B0FFHWT9QP,上海市公安局交警总队高架道路支队一大队停车场(出入口),中山北二路689号,交通设施服务;停车场;停车场出入口,150909,310000,上海市,21,上海市,310110,杨浦区,四平路,"121.513846,31.283716",[],交通设施服务,停车场,停车场出入口,121.513846,31.283716,"121.50946,31.285753",121.50946,31.285753,POINT (121.50946 31.285753),交通设施
B0FFHWT7O6,同济大学建筑设计研究院集团有限公司地上停车场二(出入口),四平路1230号,交通设施服务;停车场;停车场出入口,150909,310000,上海市,21,上海市,310110,杨浦区,四平路,"121.505200,31.279674",[],交通设施服务,停车场,停车场出入口,121.5052,31.279674,"121.500783,31.281687",121.500783,31.281687,POINT (121.500783 31.281687),交通设施
B0FFHWTN1K,鞍山六村社区停车场(入口),四平路980弄1-36号,交通设施服务;停车场;停车场出入口,150909,310000,上海市,21,上海市,310110,杨浦区,四平路,"121.505755,31.275234",[],交通设施服务,停车场,停车场出入口,121.505755,31.275234,"121.501341,31.27725",121.501341,31.27725,POINT (121.501341 31.27725),交通设施
B0FFHWT7IT,鞍山四村第三小区地上停车场(出入口),阜新路180弄,交通设施服务;停车场;停车场出入口,150909,310000,上海市,21,上海市,310110,杨浦区,四平路,"121.506773,31.276579",[],交通设施服务,停车场,停车场出入口,121.506773,31.276579,"121.502362,31.278598",121.502362,31.278598,POINT (121.502362 31.278598),交通设施
B00155KFGJ,贵仁绿苑停车场(贵仁绿苑南),国科路29弄贵仁绿苑,交通设施服务;停车场;公共停车场,150904,310000,上海市,21,上海市,310110,杨浦区,四平路,"121.519350,31.286414",[],交通设施服务,停车场,公共停车场,121.51935,31.286414,"121.514983,31.288466",121.514983,31.288466,POINT (121.514983 31.288466),交通设施
B0FFF3AR9I,四平路-道路停车位,四平路2539-2号附近,交通设施服务;停车场;路边停车场,150906,310000,上海市,21,上海市,310110,杨浦区,四平路,"121.514109,31.296596",[],交通设施服务,停车场,路边停车场,121.514109,31.296596,"121.509723,31.298628",121.509723,31.298628,POINT (121.509723 31.298628),交通设施
B0FFF00GR7,茗苑停车场(市益大楼西南),国权路91弄茗苑,交通设施服务;停车场;公共停车场,150904,310000,上海市,21,上海市,310110,杨浦区,四平路,"121.516971,31.287832",[],交通设施服务,停车场,公共停车场,121.516971,31.287832,"121.512596,31.289876",121.512596,31.289876,POINT (121.512596 31.289876),交通设施
B0FFF00H81,黄兴公寓停车场(茶园坊南),黄兴路1675号黄兴公寓,交通设施服务;停车场;公共停车场,150904,310000,上海市,21,上海市,310110,杨浦区,四平路,"121.520331,31.287979",[],交通设施服务,停车场,公共停车场,121.520331,31.287979,"121.515967,31.290033",121.515967,31.290033,POINT (121.515967 31.290033),交通设施
B0FFFZFN9M,恒联新天地花园停车场,江浦路2089弄恒联新天地花园,交通设施服务;停车场;公共停车场,150904,310000,上海市,21,上海市,310110,杨浦区,四平路,"121.515167,31.281595",[],交通设施服务,停车场,公共停车场,121.515167,31.281595,"121.510786,31.283637",121.510786,31.283637,POINT (121.510786 31.283637),交通设施
B0FFFZFLR2,益海佳苑停车场,中山北二路709弄1-10号益海佳苑,交通设施服务;停车场;公共停车场,150904,310000,上海市,21,上海市,310110,杨浦区,四平路,"121.512861,31.284043",[],交通设施服务,停车场,公共停车场,121.512861,31.284043,"121.508471,31.286077",121.508471,31.286077,POINT (121.508471 31.286077),交通设施
B0FFFZVKUM,中通公寓停车场,国权后路15号中通公寓,交通设施服务;停车场;公共停车场,150904,310000,上海市,21,上海市,310110,杨浦区,四平路,"121.504610,31.289444",[],交通设施服务,停车场,公共停车场,121.50461,31.289444,"121.50019,31.291451",121.50019,31.291451,POINT (121.50019 31.291451),交通设施
B0FFFZXN7Y,通华大楼停车场,四平路1230号甲通华大楼,交通设施服务;停车场;公共停车场,150904,310000,上海市,21,上海市,310110,杨浦区,四平路,"121.505023,31.278569",[],交通设施服务,停车场,公共停车场,121.505023,31.278569,"121.500606,31.280582",121.500606,31.280582,POINT (121.500606 31.280582),交通设施
BX10035430,抚顺路地铁站1号口,18号线,交通设施服务;地铁站;出入口,150501,310000,上海市,21,上海市,310110,杨浦区,四平路,"121.515713,31.283018",[],交通设施服务,地铁站,出入口,121.515713,31.283018,"121.511334,31.285061",121.511334,31.285061,POINT (121.511334 31.285061),交通设施
BX10035429,抚顺路地铁站2号口,18号线,交通设施服务;地铁站;出入口,150501,310000,上海市,21,上海市,310110,杨浦区,四平路,"121.515280,31.284117",[],交通设施服务,地铁站,出入口,121.51528,31.284117,"121.510899,31.286158",121.510899,31.286158,POINT (121.510899 31.286158),交通设施
B0FFFZXNZC,同济大学设计创意学院停车场,四平路1239号同济大学设计创意学院,交通设施服务;停车场;公共停车场,150904,310000,上海市,21,上海市,310110,杨浦区,四平路,"121.508285,31.280385",[],交通设施服务,停车场,公共停车场,121.508285,31.280385,"121.503879,31.282407",121.503879,31.282407,POINT (121.503879 31.282407),交通设施
B0H2G7TZJH,本溪路-道路停车位,本溪路新凤城-别墅区,交通设施服务;停车场;停车场相关,150900,310000,上海市,21,上海市,310110,杨浦区,四平路,"121.520574,31.277458",[],交通设施服务,停车场,停车场相关,121.520574,31.277458,"121.516212,31.279517",121.516212,31.279517,POINT (121.516212 31.279517),交通设施
B0FFG16QIR,复旦大学停车场,邯郸路220号复旦大学邯郸校区经济学院,交通设施服务;停车场;公共停车场,150904,310000,上海市,21,上海市,310110,杨浦区,四平路,"121.503901,31.295557",[],交通设施服务,停车场,公共停车场,121.503901,31.295557,"121.499478,31.29756",121.499478,31.29756,POINT (121.499478 31.29756),交通设施
B0FFF3AU1S,同济大学四平路校区停车场,四平路1239号同济大学四平路校区,交通设施服务;停车场;专用停车场,150905,310000,上海市,21,上海市,310110,杨浦区,四平路,"121.504680,31.281019",[],交通设施服务,停车场,专用停车场,121.50468,31.281019,"121.500261,31.28303",121.500261,31.28303,POINT (121.500261 31.28303),交通设施
B0FFMC1VCH,智方大楼停车场,国康路上海市政工程设计研究总院(集团)有限公司,交通设施服务;停车场;公共停车场,150904,310000,上海市,21,上海市,310110,杨浦区,四平路,"121.504998,31.286156",[],交通设施服务,停车场,公共停车场,121.504998,31.286156,"121.50058,31.288166",121.50058,31.288166,POINT (121.50058 31.288166),交通设施
B0HGRDNO1S,国中公寓南停车场,大连路与阜新路交叉口东约40米,交通设施服务;停车场;公共停车场,150904,310000,上海市,21,上海市,310110,杨浦区,四平路,"121.504156,31.272851",[],交通设施服务,停车场,公共停车场,121.504156,31.272851,"121.499736,31.274864",121.499736,31.274864,POINT (121.499736 31.274864),交通设施
B0HGCCJL5M,远洋广场停车场,四平路与赤峰路交叉口东南约100米,交通设施服务;停车场;公共停车场,150904,310000,上海市,21,上海市,310110,杨浦区,四平路,"121.505066,31.278036",[],交通设施服务,停车场,公共停车场,121.505066,31.278036,"121.500649,31.280049",121.500649,31.280049,POINT (121.500649 31.280049),交通设施
B0HGC7HB0L,国阳大厦停车场,政本路与国权路交叉口东北约120米,交通设施服务;停车场;公共停车场,150904,310000,上海市,21,上海市,310110,杨浦区,四平路,"121.516027,31.288609",[],交通设施服务,停车场,公共停车场,121.516027,31.288609,"121.511648,31.29065",121.511648,31.29065,POINT (121.511648 31.29065),交通设施
B0H6RU8G6L,九隆坊停车场,黄兴路与国顺路交叉口南约140米,交通设施服务;停车场;公共停车场,150904,310000,上海市,21,上海市,310110,杨浦区,四平路,"121.519377,31.290319",[],交通设施服务,停车场,公共停车场,121.519377,31.290319,"121.51501,31.292369",121.51501,31.292369,POINT (121.51501 31.292369),交通设施
B0HG05ZMZF,富庆国定大厦停车场,四平路与国定路交叉口东北约60米,交通设施服务;停车场;公共停车场,150904,310000,上海市,21,上海市,310110,杨浦区,四平路,"121.513442,31.294948",[],交通设施服务,停车场,公共停车场,121.513442,31.294948,"121.509054,31.296979",121.509054,31.296979,POINT (121.509054 31.296979),交通设施
B0HD0ZXE3Y,同济设计新大楼停车场,四平路与赤峰路交叉口东北约200米,交通设施服务;停车场;公共停车场,150904,310000,上海市,21,上海市,310110,杨浦区,四平路,"121.506013,31.280314",[],交通设施服务,停车场,公共停车场,121.506013,31.280314,"121.501599,31.282329",121.501599,31.282329,POINT (121.501599 31.282329),交通设施
B0HDLAV7U0,同济大厦停车场,同一路与济一路交叉口西北约60米,交通设施服务;停车场;公共停车场,150904,310000,上海市,21,上海市,310110,杨浦区,四平路,"121.507363,31.283013",[],交通设施服务,停车场,公共停车场,121.507363,31.283013,"121.502954,31.285031",121.502954,31.285031,POINT (121.502954 31.285031),交通设施
B0HAJU6COB,市政设计大厦停车场,国康路与四平路辅路交叉口西北约100米,交通设施服务;停车场;公共停车场,150904,310000,上海市,21,上海市,310110,杨浦区,四平路,"121.506954,31.285612",[],交通设施服务,停车场,公共停车场,121.506954,31.285612,"121.502543,31.287628",121.502543,31.287628,POINT (121.502543 31.287628),交通设施
B0FFFOG38R,同济大学建筑设计研究院(集团)有限公司停车场,四平路1230号同济大学建筑设计研究院(集团)有限公司,交通设施服务;停车场;公共停车场,150904,310000,上海市,21,上海市,310110,杨浦区,四平路,"121.505914,31.280041",[],交通设施服务,停车场,公共停车场,121.505914,31.280041,"121.5015,31.282056",121.5015,31.282056,POINT (121.5015 31.282056),交通设施
B0HU6532ZB,同博大厦机械停车场,政本路与国科路交叉口西约60米,交通设施服务;停车场;公共停车场,150904,310000,上海市,21,上海市,310110,杨浦区,四平路,"121.514597,31.285941",[],交通设施服务,停车场,公共停车场,121.514597,31.285941,"121.510213,31.287979",121.510213,31.287979,POINT (121.510213 31.287979),交通设施
B0HU6528SZ,同博大厦地下停车场,政本路与国科路交叉口西约20米,交通设施服务;停车场;公共停车场,150904,310000,上海市,21,上海市,310110,杨浦区,四平路,"121.514932,31.285840",[],交通设施服务,停车场,公共停车场,121.514932,31.28584,"121.51055,31.287879",121.51055,31.287879,POINT (121.51055 31.287879),交通设施
B0I6DZUKCR,同济迎宾馆停车点,彰武路与鞍山支路交叉口东约80米,交通设施服务;停车场;公共停车场,150904,310000,上海市,21,上海市,310110,杨浦区,四平路,"121.510940,31.281171",[],交通设施服务,停车场,公共停车场,121.51094,31.281171,"121.506544,31.2832",121.506544,31.2832,POINT (121.506544 31.2832),交通设施
B0HDPULNPL,蓝天大厦地下停车场,[],交通设施服务;停车场;公共停车场,150904,310000,上海市,21,上海市,310110,杨浦区,四平路,"121.515994,31.297484",[],交通设施服务,停车场,公共停车场,121.515994,31.297484,"121.511614,31.299522",121.511614,31.299522,POINT (121.511614 31.299522),交通设施
B0HDPULNPK,蓝天大厦停车场,[],交通设施服务;停车场;公共停车场,150904,310000,上海市,21,上海市,310110,杨浦区,四平路,"121.515906,31.297642",[],交通设施服务,停车场,公共停车场,121.515906,31.297642,"121.511526,31.299679",121.511526,31.299679,POINT (121.511526 31.299679),交通设施
B0FFF6WHKS,63号设计创意工场内部停车场,赤峰路63号,交通设施服务;停车场;专用停车场,150905,310000,上海市,21,上海市,310110,杨浦区,四平路,"121.500818,31.278642",[],交通设施服务,停车场,专用停车场,121.500818,31.278642,"121.496386,31.280642",121.496386,31.280642,POINT (121.496386 31.280642),交通设施
B0H6YUA4W6,上海中天大厦地下停车场,[],交通设施服务;停车场;公共停车场,150904,310000,上海市,21,上海市,310110,杨浦区,四平路,"121.502640,31.277220",[],交通设施服务,停车场,公共停车场,121.50264,31.27722,"121.498214,31.279226",121.498214,31.279226,POINT (121.498214 31.279226),交通设施
B0H627YV2M,同济联合广场地下停车场,四平路1388-1398号,交通设施服务;停车场;公共停车场,150904,310000,上海市,21,上海市,310110,杨浦区,四平路,"121.508094,31.281171",[],交通设施服务,停车场,公共停车场,121.508094,31.281171,"121.503688,31.283192",121.503688,31.283192,POINT (121.503688 31.283192),交通设施
B0FFGDVM4B,同济大学停车场,四平路1241附近,交通设施服务;停车场;专用停车场,150905,310000,上海市,21,上海市,310110,杨浦区,四平路,"121.501958,31.283445",[],交通设施服务,停车场,专用停车场,121.501958,31.283445,"121.497529,31.285447",121.497529,31.285447,POINT (121.497529 31.285447),交通设施
B0FFG16LXC,复旦大学网络教育学院停车场,邯郸路220号复旦大学邯郸校区,交通设施服务;停车场;专用停车场,150905,310000,上海市,21,上海市,310110,杨浦区,四平路,"121.504355,31.296134",[],交通设施服务,停车场,专用停车场,121.504355,31.296134,"121.499934,31.298138",121.499934,31.298138,POINT (121.499934 31.298138),交通设施
B0FFG3UQLI,复旦大学停车场,邯郸路220号复旦大学邯郸校区,交通设施服务;停车场;公共停车场,150904,310000,上海市,21,上海市,310110,杨浦区,四平路,"121.504777,31.292794",[],交通设施服务,停车场,公共停车场,121.504777,31.292794,"121.500358,31.2948",121.500358,31.2948,POINT (121.500358 31.2948),交通设施
B0HAJU6JTH,市政设计大厦地下停车场,国康路与四平路辅路交叉口西北约100米,交通设施服务;停车场;公共停车场,150904,310000,上海市,21,上海市,310110,杨浦区,四平路,"121.506812,31.285375",[],交通设施服务,停车场,公共停车场,121.506812,31.285375,"121.502401,31.28739",121.502401,31.28739,POINT (121.502401 31.28739),交通设施
B0FFHV41ZA,书香公寓停车场,赤峰路59弄书香公寓,交通设施服务;停车场;专用停车场,150905,310000,上海市,21,上海市,310110,杨浦区,四平路,"121.501909,31.278518",[],交通设施服务,停车场,专用停车场,121.501909,31.278518,"121.497481,31.280521",121.497481,31.280521,POINT (121.497481 31.280521),交通设施
B0HB25W3KZ,UMAX悠迈生活广场南停车场,四平路2500号UMAX悠迈生活广场B3,交通设施服务;停车场;公共停车场,150904,310000,上海市,21,上海市,310110,杨浦区,四平路,"121.515971,31.297749",[],交通设施服务,停车场,公共停车场,121.515971,31.297749,"121.511591,31.299786",121.511591,31.299786,POINT (121.511591 31.299786),交通设施
B0HB25WI50,UMAX悠迈生活广场西停车场,[],交通设施服务;停车场;公共停车场,150904,310000,上海市,21,上海市,310110,杨浦区,四平路,"121.515416,31.298453",[],交通设施服务,停车场,公共停车场,121.515416,31.298453,"121.511034,31.300488",121.511034,31.300488,POINT (121.511034 31.300488),交通设施
B0FFGV685K,同济绿园地上停车场,锦西路88号,交通设施服务;停车场;公共停车场,150904,310000,上海市,21,上海市,310110,杨浦区,四平路,"121.511117,31.275736",[],交通设施服务,停车场,公共停车场,121.511117,31.275736,"121.506722,31.277768",121.506722,31.277768,POINT (121.506722 31.277768),交通设施
B0FFHV6H23,林绿家园停车场,国顺路201号,交通设施服务;停车场;专用停车场,150905,310000,上海市,21,上海市,310110,杨浦区,四平路,"121.512955,31.290820",[],交通设施服务,停车场,专用停车场,121.512955,31.29082,"121.508565,31.292851",121.508565,31.292851,POINT (121.508565 31.292851),交通设施
B0FFG4HV4I,复旦大学邯郸校区停车场,邯郸路220号复旦大学邯郸校区,交通设施服务;停车场;公共停车场,150904,310000,上海市,21,上海市,310110,杨浦区,四平路,"121.503541,31.295188",[],交通设施服务,停车场,公共停车场,121.503541,31.295188,"121.499117,31.29719",121.499117,31.29719,POINT (121.499117 31.29719),交通设施
B0HG5UAGH8,上海国际设计中心地下停车场,国康路与中山北二路交叉口东南约60米,交通设施服务;停车场;公共停车场,150904,310000,上海市,21,上海市,310110,杨浦区,四平路,"121.501407,31.286938",[],交通设施服务,停车场,公共停车场,121.501407,31.286938,"121.496976,31.288936",121.496976,31.288936,POINT (121.496976 31.288936),交通设施
B0FFG69TL0,林绿家园停车场,四平路1950弄,交通设施服务;停车场;公共停车场,150904,310000,上海市,21,上海市,310110,杨浦区,四平路,"121.512351,31.290307",[],交通设施服务,停车场,公共停车场,121.512351,31.290307,"121.507959,31.292337",121.507959,31.292337,POINT (121.507959 31.292337),交通设施
B0FFG6S74S,同济大学南校区停车场,四平路1239号同济大学四平路校区南校区同济大学出版社(愚慧阁东南)附近,交通设施服务;停车场;专用停车场,150905,310000,上海市,21,上海市,310110,杨浦区,四平路,"121.499357,31.278966",[],交通设施服务,停车场,专用停车场,121.499357,31.278966,"121.494919,31.280962",121.494919,31.280962,POINT (121.494919 31.280962),交通设施
B0FFGDRWMO,同济大学四平路校区停车场,国康路27附近,交通设施服务;停车场;专用停车场,150905,310000,上海市,21,上海市,310110,杨浦区,四平路,"121.504281,31.285477",[],交通设施服务,停车场,专用停车场,121.504281,31.285477,"121.499861,31.287485",121.499861,31.287485,POINT (121.499861 31.287485),交通设施
B0FFGE51GO,同济大学停车场,四平路1239号同济大学四平路校区机械馆附近,交通设施服务;停车场;专用停车场,150905,310000,上海市,21,上海市,310110,杨浦区,四平路,"121.498076,31.283468",[],交通设施服务,停车场,专用停车场,121.498076,31.283468,"121.493633,31.285458",121.493633,31.285458,POINT (121.493633 31.285458),交通设施
B0FFGE55BO,同济大学停车场,中山北二路740号附近,交通设施服务;停车场;专用停车场,150905,310000,上海市,21,上海市,310110,杨浦区,四平路,"121.504673,31.284621",[],交通设施服务,停车场,专用停车场,121.504673,31.284621,"121.500254,31.28663",121.500254,31.28663,POINT (121.500254 31.28663),交通设施
B0FFGE608S,同济大学停车场,中山北二路1115同济大学,交通设施服务;停车场;专用停车场,150905,310000,上海市,21,上海市,310110,杨浦区,四平路,"121.504683,31.281505",[],交通设施服务,停车场,专用停车场,121.504683,31.281505,"121.500264,31.283516",121.500264,31.283516,POINT (121.500264 31.283516),交通设施
B0HGXSXX8Y,爱联大厦内部停车场,锦西路与打虎山路交叉口东北约80米,交通设施服务;停车场;专用停车场,150905,310000,上海市,21,上海市,310110,杨浦区,四平路,"121.508125,31.273858",[],交通设施服务,停车场,专用停车场,121.508125,31.273858,"121.503719,31.275882",121.503719,31.275882,POINT (121.503719 31.275882),交通设施
B0FFGCXEMH,四季绿园内部停车场,政本路国顺路117弄小区西北侧约30米,交通设施服务;停车场;专用停车场,150905,310000,上海市,21,上海市,310110,杨浦区,四平路,"121.515904,31.290123",[],交通设施服务,停车场,专用停车场,121.515904,31.290123,"121.511525,31.292163",121.511525,31.292163,POINT (121.511525 31.292163),交通设施
B0HB6SLWKU,苏宁生活广场内部停车场(入口),邯郸路与国宾路交叉口东南约120米,交通设施服务;停车场;停车场入口,150907,310000,上海市,21,上海市,310110,杨浦区,四平路,"121.514431,31.298627",[],交通设施服务,停车场,停车场入口,121.514431,31.298627,"121.510046,31.30066",121.510046,31.30066,POINT (121.510046 31.30066),交通设施
B0FFHWUEPL,上海市杨浦区教育学院停车场(入口),抚顺路340号,交通设施服务;停车场;停车场出入口,150909,310000,上海市,21,上海市,310110,杨浦区,四平路,"121.512651,31.279758",[],交通设施服务,停车场,停车场出入口,121.512651,31.279758,"121.508261,31.281793",121.508261,31.281793,POINT (121.508261 31.281793),交通设施
B0FFHRISVE,P车库(出入口),国权后路19号附近,交通设施服务;停车场;停车场出入口,150909,310000,上海市,21,上海市,310110,杨浦区,四平路,"121.504896,31.289452",[],交通设施服务,停车场,停车场出入口,121.504896,31.289452,"121.500477,31.29146",121.500477,31.29146,POINT (121.500477 31.29146),交通设施
B0HGFC6ZW4,杨浦商城地下停车场(入口),鞍山路1号假日百货B1,交通设施服务;停车场;停车场入口,150907,310000,上海市,21,上海市,310110,杨浦区,四平路,"121.513186,31.274096",[],交通设施服务,停车场,停车场入口,121.513186,31.274096,"121.508798,31.276135",121.508798,31.276135,POINT (121.508798 31.276135),交通设施
B0I6DZVEKM,同济迎宾馆停车点(出入口),彰武路与鞍山支路交叉口东约80米,交通设施服务;停车场;停车场出入口,150909,310000,上海市,21,上海市,310110,杨浦区,四平路,"121.510912,31.281244",[],交通设施服务,停车场,停车场出入口,121.510912,31.281244,"121.506516,31.283273",121.506516,31.283273,POINT (121.506516 31.283273),交通设施
B0H6SAXCX3,同叶大厦停车场(入口),同叶大厦(铁岭路东),交通设施服务;停车场;停车场入口,150907,310000,上海市,21,上海市,310110,杨浦区,四平路,"121.514095,31.278389",[],交通设施服务,停车场,停车场入口,121.514095,31.278389,"121.50971,31.280429",121.50971,31.280429,POINT (121.50971 31.280429),交通设施
B0H65ZLEZ4,旭辉Mall停车场(入口),控江路2102号附近,交通设施服务;停车场;停车场入口,150907,310000,上海市,21,上海市,310110,杨浦区,四平路,"121.508955,31.272888",[],交通设施服务,停车场,停车场入口,121.508955,31.272888,"121.504552,31.274915",121.504552,31.274915,POINT (121.504552 31.274915),交通设施
B0H6YU9X3M,上海中天大厦停车场(入口),[],交通设施服务;停车场;停车场入口,150907,310000,上海市,21,上海市,310110,杨浦区,四平路,"121.503147,31.276982",[],交通设施服务,停车场,停车场入口,121.503147,31.276982,"121.498723,31.27899",121.498723,31.27899,POINT (121.498723 31.27899),交通设施
B0FFM8ZU2W,出租车专用限时长停车位,抚顺路248号,交通设施服务;停车场;停车场相关,150900,310000,上海市,21,上海市,310110,杨浦区,四平路,"121.513254,31.279198",[],交通设施服务,停车场,停车场相关,121.513254,31.279198,"121.508866,31.281235",121.508866,31.281235,POINT (121.508866 31.281235),交通设施
B0HGVUP9SQ,出租车司机专用公厕-停车位,天宝西路180号,交通设施服务;停车场;停车场相关,150900,310000,上海市,21,上海市,310110,杨浦区,四平路,"121.501775,31.279786",[],交通设施服务,停车场,停车场相关,121.501775,31.279786,"121.497346,31.281789",121.497346,31.281789,POINT (121.497346 31.281789),交通设施
B0FFG6S4NM,同济大学四平路校区停车场,中山北二路734附近,交通设施服务;停车场;专用停车场,150905,310000,上海市,21,上海市,310110,杨浦区,四平路,"121.503106,31.284420",[],交通设施服务,停车场,专用停车场,121.503106,31.28442,"121.498681,31.286425",121.498681,31.286425,POINT (121.498681 31.286425),交通设施
B0FFHEADPI,同济大学彰武路校区停车场,控江路街道彰武路100号同济大学彰武路校区同飞楼附近,交通设施服务;停车场;专用停车场,150905,310000,上海市,21,上海市,310110,杨浦区,四平路,"121.514649,31.283277",[],交通设施服务,停车场,专用停车场,121.514649,31.283277,"121.510266,31.285316",121.510266,31.285316,POINT (121.510266 31.285316),交通设施
B0FFGE53B1,同济大学四平路校区停车场,密云路588号同济大学四平路校区内,交通设施服务;停车场;专用停车场,150905,310000,上海市,21,上海市,310110,杨浦区,四平路,"121.499402,31.281340",[],交通设施服务,停车场,专用停车场,121.499402,31.28134,"121.494964,31.283335",121.494964,31.283335,POINT (121.494964 31.283335),交通设施
B0FFGE59AN,同济大学四平路校区停车场,密云路同济大学西门东侧约90米,交通设施服务;停车场;专用停车场,150905,310000,上海市,21,上海市,310110,杨浦区,四平路,"121.497643,31.284795",[],交通设施服务,停车场,专用停车场,121.497643,31.284795,"121.493199,31.286783",121.493199,31.286783,POINT (121.493199 31.286783),交通设施
B0FFGE56LI,同济大学四平路校区停车场,国康路南200米,交通设施服务;停车场;专用停车场,150905,310000,上海市,21,上海市,310110,杨浦区,四平路,"121.502043,31.284952",[],交通设施服务,停车场,专用停车场,121.502043,31.284952,"121.497615,31.286953",121.497615,31.286953,POINT (121.497615 31.286953),交通设施
B0FFH5JX2B,同济大学四平路校区停车场,四平路1239号附近,交通设施服务;停车场;专用停车场,150905,310000,上海市,21,上海市,310110,杨浦区,四平路,"121.501447,31.283830",[],交通设施服务,停车场,专用停车场,121.501447,31.28383,"121.497016,31.28583",121.497016,31.28583,POINT (121.497016 31.28583),交通设施
B0FFGE64L5,同济大学四平路校区停车场,内环高架路与辉河路交叉口南150米,交通设施服务;停车场;专用停车场,150905,310000,上海市,21,上海市,310110,杨浦区,四平路,"121.499150,31.285775",[],交通设施服务,停车场,专用停车场,121.49915,31.285775,"121.494711,31.287767",121.494711,31.287767,POINT (121.494711 31.287767),交通设施
B0FFH4RYEM,同济大学设计创意学院停车场,阜新路与鞍山路交叉口西北150米,交通设施服务;停车场;专用停车场,150905,310000,上海市,21,上海市,310110,杨浦区,四平路,"121.507026,31.280186",[],交通设施服务,停车场,专用停车场,121.507026,31.280186,"121.502616,31.282204",121.502616,31.282204,POINT (121.502616 31.282204),交通设施
B0FFGEQRZC,同济大学四平路校区南区停车场,四平路1239号同济大学四平路校区,交通设施服务;停车场;专用停车场,150905,310000,上海市,21,上海市,310110,杨浦区,四平路,"121.500263,31.279961",[],交通设施服务,停车场,专用停车场,121.500263,31.279961,"121.495828,31.281959",121.495828,31.281959,POINT (121.495828 31.281959),交通设施
B0FFGQJX11,同济大学四平路校区停车场,赤峰路附近,交通设施服务;停车场;专用停车场,150905,310000,上海市,21,上海市,310110,杨浦区,四平路,"121.500172,31.282239",[],交通设施服务,停车场,专用停车场,121.500172,31.282239,"121.495737,31.284236",121.495737,31.284236,POINT (121.495737 31.284236),交通设施
B0FFGSA35K,同济大学四平路校区停车场,密云路588号同济大学四平路校区内,交通设施服务;停车场;专用停车场,150905,310000,上海市,21,上海市,310110,杨浦区,四平路,"121.499423,31.285378",[],交通设施服务,停车场,专用停车场,121.499423,31.285378,"121.494985,31.287371",121.494985,31.287371,POINT (121.494985 31.287371),交通设施
B0G3VCF2JU,路边停车场,苏家屯路鞍山四村第三小区东北侧约40米,交通设施服务;停车场;专用停车场,150905,310000,上海市,21,上海市,310110,杨浦区,四平路,"121.509666,31.276210",[],交通设施服务,停车场,专用停车场,121.509666,31.27621,"121.505266,31.278238",121.505266,31.278238,POINT (121.505266 31.278238),交通设施
B0FFGQK5JP,同济大学四平路校区停车场,四平路与国康路交叉口西南100米,交通设施服务;停车场;专用停车场,150905,310000,上海市,21,上海市,310110,杨浦区,四平路,"121.507141,31.284582",[],交通设施服务,停车场,专用停车场,121.507141,31.284582,"121.502731,31.286599",121.502731,31.286599,POINT (121.502731 31.286599),交通设施
B00156XYLD,同济大学彰武路校区停车场,彰武路100号同济大学彰武路校区附近,交通设施服务;停车场;专用停车场,150905,310000,上海市,21,上海市,310110,杨浦区,四平路,"121.513240,31.281471",[],交通设施服务,停车场,专用停车场,121.51324,31.281471,"121.508852,31.283507",121.508852,31.283507,POINT (121.508852 31.283507),交通设施
B00156YO9B,复旦书馨公寓停车场,国权后路19复旦书馨公寓,交通设施服务;停车场;专用停车场,150905,310000,上海市,21,上海市,310110,杨浦区,四平路,"121.505001,31.289470",[],交通设施服务,停车场,专用停车场,121.505001,31.28947,"121.500583,31.291478",121.500583,31.291478,POINT (121.500583 31.291478),交通设施
B0FFHO5T2A,四平路街道社区事务受理服务中心停车场,锦西路58号附近,交通设施服务;停车场;公共停车场,150904,310000,上海市,21,上海市,310110,杨浦区,四平路,"121.512116,31.276897",[],交通设施服务,停车场,公共停车场,121.512116,31.276897,"121.507724,31.278932",121.507724,31.278932,POINT (121.507724 31.278932),交通设施
B0FFHO2AOT,同济大学设计创意学院停车场,四平路1230号,交通设施服务;停车场;公共停车场,150904,310000,上海市,21,上海市,310110,杨浦区,四平路,"121.506822,31.280040",[],交通设施服务,停车场,公共停车场,121.506822,31.28004,"121.502411,31.282058",121.502411,31.282058,POINT (121.502411 31.282058),交通设施
B0FFHO2Q4E,同济大学设计创意学院停车场,四平路1239号,交通设施服务;停车场;公共停车场,150904,310000,上海市,21,上海市,310110,杨浦区,四平路,"121.507438,31.280963",[],交通设施服务,停车场,公共停车场,121.507438,31.280963,"121.503029,31.282982",121.503029,31.282982,POINT (121.503029 31.282982),交通设施
B0FFH2IWMC,复旦大学管理学院停车场(入口),中环路出口与国达路交叉口西南约140米,交通设施服务;停车场;停车场入口,150907,310000,上海市,21,上海市,310110,杨浦区,四平路,"121.506965,31.296429",[],交通设施服务,停车场,停车场入口,121.506965,31.296429,"121.502553,31.29844",121.502553,31.29844,POINT (121.502553 31.29844),交通设施
B0FFFZFJUE,大诚花苑停车场,国定路299弄大诚花苑,交通设施服务;停车场;公共停车场,150904,310000,上海市,21,上海市,310110,杨浦区,四平路,"121.509449,31.295829",[],交通设施服务,停车场,公共停车场,121.509449,31.295829,"121.505046,31.297848",121.505046,31.297848,POINT (121.505046 31.297848),交通设施
B0FFFZXOJQ,茶园坊停车场,黄兴路1717弄茶园坊,交通设施服务;停车场;公共停车场,150904,310000,上海市,21,上海市,310110,杨浦区,四平路,"121.519430,31.290008",[],交通设施服务,停车场,公共停车场,121.51943,31.290008,"121.515063,31.292058",121.515063,31.292058,POINT (121.515063 31.292058),交通设施
B0FFHO1QL8,海上海·弘基休闲广场停车场,飞虹路568弄1-49号(创邑海上海),交通设施服务;停车场;公共停车场,150904,310000,上海市,21,上海市,310110,杨浦区,四平路,"121.507960,31.265159",[],交通设施服务,停车场,公共停车场,121.50796,31.265159,"121.503555,31.267186",121.503555,31.267186,POINT (121.503555 31.267186),交通设施
B0HRHH3GQY,上海交通大学医学院附属新华医院停车场,双辽路上海交通大学医学院附属新华医院,交通设施服务;停车场;公共停车场,150904,310000,上海市,21,上海市,310110,杨浦区,四平路,"121.518240,31.273280",[],交通设施服务,停车场,公共停车场,121.51824,31.27328,"121.51387,31.275334",121.51387,31.275334,POINT (121.51387 31.275334),交通设施
B0FFGZWSJU,上海医药职工大学停车场,大连路950号,交通设施服务;停车场;公共停车场,150904,310000,上海市,21,上海市,310110,杨浦区,四平路,"121.508205,31.264902",[],交通设施服务,停车场,公共停车场,121.508205,31.264902,"121.5038,31.26693",121.5038,31.26693,POINT (121.5038 31.26693),交通设施
B0FFG69ZV6,中国海关上海调查局地上停车场,政仁路81号,交通设施服务;停车场;公共停车场,150904,310000,上海市,21,上海市,310110,杨浦区,四平路,"121.517792,31.286933",[],交通设施服务,停车场,公共停车场,121.517792,31.286933,"121.51342,31.28898",121.51342,31.28898,POINT (121.51342 31.28898),交通设施
B0FFHE4W50,海上海·弘基休闲广场停车场,辽源西路362号附近,交通设施服务;停车场;公共停车场,150904,310000,上海市,21,上海市,310110,杨浦区,四平路,"121.507919,31.268332",[],交通设施服务,停车场,公共停车场,121.507919,31.268332,"121.503513,31.270358",121.503513,31.270358,POINT (121.503513 31.270358),交通设施
B0FFGCI4OW,同济大学经济与管理学院停车场,同一路同济大学-经济与管理学院,交通设施服务;停车场;公共停车场,150904,310000,上海市,21,上海市,310110,杨浦区,四平路,"121.507506,31.282972",[],交通设施服务,停车场,公共停车场,121.507506,31.282972,"121.503097,31.28499",121.503097,31.28499,POINT (121.503097 31.28499),交通设施
B0FFHO29XJ,上海市五角场高新技术产业园区国康基地停车场,中山北二路1111号同济规划大厦附近,交通设施服务;停车场;公共停车场,150904,310000,上海市,21,上海市,310110,杨浦区,四平路,"121.505423,31.286763",[],交通设施服务,停车场,公共停车场,121.505423,31.286763,"121.501007,31.288774",121.501007,31.288774,POINT (121.501007 31.288774),交通设施
B0HDXSA4OR,控江路1555号上海信息科技大厦地下停车场(入口),长浜路与控江路交叉口东南约40米,交通设施服务;停车场;停车场入口,150907,310000,上海市,21,上海市,310110,杨浦区,四平路,"121.519924,31.274847",[],交通设施服务,停车场,停车场入口,121.519924,31.274847,"121.51556,31.276905",121.51556,31.276905,POINT (121.51556 31.276905),交通设施
B0HUKS7YSE,海上海商务大厦停车场(入口),飞虹路与大连路交叉口东北80米,交通设施服务;停车场;停车场入口,150907,310000,上海市,21,上海市,310110,杨浦区,四平路,"121.507858,31.265056",[],交通设施服务,停车场,停车场入口,121.507858,31.265056,"121.503452,31.267083",121.503452,31.267083,POINT (121.503452 31.267083),交通设施
B0GKK5YT4J,君欣时代广场地下停车场(入口),控江路与鞍山路交叉口南80米,交通设施服务;停车场;停车场入口,150907,310000,上海市,21,上海市,310110,杨浦区,四平路,"121.513581,31.273064",[],交通设施服务,停车场,停车场入口,121.513581,31.273064,"121.509195,31.275104",121.509195,31.275104,POINT (121.509195 31.275104),交通设施
B0FFG9QCFU,新华医院停车场(入口),控江路1555号,交通设施服务;停车场;停车场入口,150907,310000,上海市,21,上海市,310110,杨浦区,四平路,"121.517078,31.274430",[],交通设施服务,停车场,停车场入口,121.517078,31.27443,"121.512704,31.27648",121.512704,31.27648,POINT (121.512704 31.27648),交通设施
B0HKZ5SEFO,上海大花园停车场(入口),周家嘴路与荆州路交叉口北40米,交通设施服务;停车场;停车场入口,150907,310000,上海市,21,上海市,310110,杨浦区,四平路,"121.510641,31.263656",[],交通设施服务,停车场,停车场入口,121.510641,31.263656,"121.506245,31.265692",121.506245,31.265692,POINT (121.506245 31.265692),交通设施
B0FFI9PPP5,海上海弘基休闲广场停车场(入口),大连路950号,交通设施服务;停车场;停车场出入口,150909,310000,上海市,21,上海市,310110,杨浦区,四平路,"121.507843,31.265103",[],交通设施服务,停车场,停车场出入口,121.507843,31.265103,"121.503437,31.26713",121.503437,31.26713,POINT (121.503437 31.26713),交通设施
B0HRHH43K2,上海交通大学医学院附属新华医院停车场(入口),江浦路辅路与双辽支路交叉口西北120米,交通设施服务;停车场;停车场入口,150907,310000,上海市,21,上海市,310110,杨浦区,四平路,"121.518814,31.272559",[],交通设施服务,停车场,停车场入口,121.518814,31.272559,"121.514446,31.274615",121.514446,31.274615,POINT (121.514446 31.274615),交通设施
B0FFHWT7AH,浦发银行杨浦支行地上停车场一(出入口),许昌路1296号,交通设施服务;停车场;停车场出入口,150909,310000,上海市,21,上海市,310110,杨浦区,四平路,"121.516017,31.268346",[],交通设施服务,停车场,停车场出入口,121.516017,31.268346,"121.51164,31.270396",121.51164,31.270396,POINT (121.51164 31.270396),交通设施
B0FFHWT7UH,浦发银行杨浦支行地上停车场三(出入口),许昌路1296号,交通设施服务;停车场;停车场出入口,150909,310000,上海市,21,上海市,310110,杨浦区,四平路,"121.516233,31.267834",[],交通设施服务,停车场,停车场出入口,121.516233,31.267834,"121.511857,31.269884",121.511857,31.269884,POINT (121.511857 31.269884),交通设施
B00155MORM,复旦大学邯郸校区政修路停车场,政修路复旦大学西北1门北侧约80米,交通设施服务;停车场;公共停车场,150904,310000,上海市,21,上海市,310110,杨浦区,四平路,"121.504352,31.291235",[],交通设施服务,停车场,公共停车场,121.504352,31.291235,"121.499931,31.293241",121.499931,31.293241,POINT (121.499931 31.293241),交通设施
B00155KED5,海上海新城停车场,飞虹路552号604号,交通设施服务;停车场;公共停车场,150904,310000,上海市,21,上海市,310110,杨浦区,四平路,"121.507304,31.265152",[],交通设施服务,停车场,公共停车场,121.507304,31.265152,"121.502896,31.267177",121.502896,31.267177,POINT (121.502896 31.267177),交通设施
B0G3VUEN8K,停车场,锦西路与苏家屯路交叉口东北100米,交通设施服务;停车场;专用停车场,150905,310000,上海市,21,上海市,310110,杨浦区,四平路,"121.510563,31.275864",[],交通设施服务,停车场,专用停车场,121.510563,31.275864,"121.506166,31.277894",121.506166,31.277894,POINT (121.506166 31.277894),交通设施
B0G0FCA373,中车城市交通有限公司停车场,周家嘴路1229号,交通设施服务;停车场;停车场相关,150900,310000,上海市,21,上海市,310110,杨浦区,四平路,"121.509066,31.263703",[],交通设施服务,停车场,停车场相关,121.509066,31.263703,"121.504665,31.265734",121.504665,31.265734,POINT (121.504665 31.265734),交通设施
B0FFFP3U9Q,海上国际停车场,[],交通设施服务;停车场;公共停车场,150904,310000,上海市,21,上海市,310110,杨浦区,四平路,"121.509096,31.272720",[],交通设施服务,停车场,公共停车场,121.509096,31.27272,"121.504694,31.274747",121.504694,31.274747,POINT (121.504694 31.274747),交通设施
B0G305J6KG,停车场,四平路与赤峰路交叉口东80米,交通设施服务;停车场;公共停车场,150904,310000,上海市,21,上海市,310110,杨浦区,四平路,"121.505376,31.278573",[],交通设施服务,停车场,公共停车场,121.505376,31.278573,"121.50096,31.280587",121.50096,31.280587,POINT (121.50096 31.280587),交通设施
B0FFFWQD6K,同济出版社停车场,赤峰路2号同济出版社,交通设施服务;停车场;公共停车场,150904,310000,上海市,21,上海市,310110,杨浦区,四平路,"121.504396,31.279289",[],交通设施服务,停车场,公共停车场,121.504396,31.279289,"121.499976,31.2813",121.499976,31.2813,POINT (121.499976 31.2813),交通设施
B0FFFZFL2R,怡福苑停车场,国顺路66弄怡福苑,交通设施服务;停车场;公共停车场,150904,310000,上海市,21,上海市,310110,杨浦区,四平路,"121.518198,31.291887",[],交通设施服务,停车场,公共停车场,121.518198,31.291887,"121.513827,31.293933",121.513827,31.293933,POINT (121.513827 31.293933),交通设施
B00157I00V,和平公寓停车场,控江路2063号西楼附近,交通设施服务;停车场;公共停车场,150904,310000,上海市,21,上海市,310110,杨浦区,四平路,"121.508418,31.271376",[],交通设施服务,停车场,公共停车场,121.508418,31.271376,"121.504014,31.273402",121.504014,31.273402,POINT (121.504014 31.273402),交通设施
B0G3LPEC5S,密云小区停车场,密云路444弄,交通设施服务;停车场;停车场相关,150900,310000,上海市,21,上海市,310110,杨浦区,四平路,"121.497283,31.278627",[],交通设施服务,停车场,停车场相关,121.497283,31.278627,"121.492838,31.280617",121.492838,31.280617,POINT (121.492838 31.280617),交通设施
B0FFFWPZLU,彰武大楼地上停车场,彰武路72号彰武大楼,交通设施服务;停车场;公共停车场,150904,310000,上海市,21,上海市,310110,杨浦区,四平路,"121.509556,31.280898",[],交通设施服务,停车场,公共停车场,121.509556,31.280898,"121.505155,31.282923",121.505155,31.282923,POINT (121.505155 31.282923),交通设施
B0FFGE919D,海上海新城商务楼10号楼停车场,大连路海上海弘基休闲广场,交通设施服务;停车场;公共停车场,150904,310000,上海市,21,上海市,310110,杨浦区,四平路,"121.506550,31.266733",[],交通设施服务,停车场,公共停车场,121.50655,31.266733,"121.502139,31.268755",121.502139,31.268755,POINT (121.502139 31.268755),交通设施
B0FFL2WRJG,海上海·弘基休闲广场停车场(出入口),飞虹路568弄3号创邑海上海F1,交通设施服务;停车场;停车场出入口,150909,310000,上海市,21,上海市,310110,杨浦区,四平路,"121.507871,31.268158",[],交通设施服务,停车场,停车场出入口,121.507871,31.268158,"121.503465,31.270184",121.503465,31.270184,POINT (121.503465 31.270184),交通设施
B0FFHWT74U,鞍山一村第三小区停车场(出入口),本溪路141弄,交通设施服务;停车场;停车场出入口,150909,310000,上海市,21,上海市,310110,杨浦区,四平路,"121.512843,31.276820",[],交通设施服务,停车场,停车场出入口,121.512843,31.27682,"121.508454,31.278857",121.508454,31.278857,POINT (121.508454 31.278857),交通设施
B0FFHWTNRW,江浦路2009弄小区地上停车场(出入口),江浦路2009弄,交通设施服务;停车场;停车场出入口,150909,310000,上海市,21,上海市,310110,杨浦区,四平路,"121.516675,31.280303",[],交通设施服务,停车场,停车场出入口,121.516675,31.280303,"121.512299,31.282349",121.512299,31.282349,POINT (121.512299 31.282349),交通设施
B00156GX5M,国权路90弄小区停车场,国权路90弄小区,交通设施服务;停车场;公共停车场,150904,310000,上海市,21,上海市,310110,杨浦区,四平路,"121.517082,31.288301",[],交通设施服务,停车场,公共停车场,121.517082,31.288301,"121.512707,31.290345",121.512707,31.290345,POINT (121.512707 31.290345),交通设施
B0HGRDMLLB,国中公寓地下停车场(入口),阜新路与大连路交叉口东100米,交通设施服务;停车场;停车场入口,150907,310000,上海市,21,上海市,310110,杨浦区,四平路,"121.504760,31.273039",[],交通设施服务,停车场,停车场入口,121.50476,31.273039,"121.500342,31.275053",121.500342,31.275053,POINT (121.500342 31.275053),交通设施
B0FFHWT6IK,上海正章进出口有限公司停车场(出入口),双辽路与双辽支路交叉口东南40米,交通设施服务;停车场;停车场出入口,150909,310000,上海市,21,上海市,310110,杨浦区,四平路,"121.518247,31.270531",[],交通设施服务,停车场,停车场出入口,121.518247,31.270531,"121.513878,31.272586",121.513878,31.272586,POINT (121.513878 31.272586),交通设施
B0H6Z5RT4W,旭辉Mall地下停车场(入口),控江路2068号旭辉MALLF1,交通设施服务;停车场;停车场入口,150907,310000,上海市,21,上海市,310110,杨浦区,四平路,"121.508623,31.273466",[],交通设施服务,停车场,停车场入口,121.508623,31.273466,"121.504219,31.275492",121.504219,31.275492,POINT (121.504219 31.275492),交通设施
B0H6YUAZ63,上海中天大厦地下停车场(入口),四平路与赤峰路交叉口西南260米,交通设施服务;停车场;停车场入口,150907,310000,上海市,21,上海市,310110,杨浦区,四平路,"121.502642,31.277190",[],交通设施服务,停车场,停车场入口,121.502642,31.27719,"121.498216,31.279196",121.498216,31.279196,POINT (121.498216 31.279196),交通设施
B0GROX5RGP,国康路-路侧停车位,国康路(同济大学地铁站5号口步行340米),交通设施服务;停车场;停车场相关,150900,310000,上海市,21,上海市,310110,杨浦区,四平路,"121.506605,31.285144",[],交通设施服务,停车场,停车场相关,121.506605,31.285144,"121.502193,31.287159",121.502193,31.287159,POINT (121.502193 31.287159),交通设施
B0H33RV6EJ,本溪路-路侧停车位,本溪路新凤城-别墅区(江浦路地铁站1号口步行420米),交通设施服务;停车场;停车场相关,150900,310000,上海市,21,上海市,310110,杨浦区,四平路,"121.519568,31.277182",[],交通设施服务,停车场,停车场相关,121.519568,31.277182,"121.515203,31.279238",121.515203,31.279238,POINT (121.515203 31.279238),交通设施
B0H33RYS5G,国权路-路侧停车位,国权路国顺路131弄小区南侧约80米,交通设施服务;停车场;停车场相关,150900,310000,上海市,21,上海市,310110,杨浦区,四平路,"121.514523,31.287904",[],交通设施服务,停车场,停车场相关,121.514523,31.287904,"121.510139,31.289941",121.510139,31.289941,POINT (121.510139 31.289941),交通设施
B0G30BH5LN,四平路近黄兴路公共地面停车场,四平路金岛大厦西南侧约90米(五角场地铁站3号口步行90米),交通设施服务;停车场;停车场相关,150900,310000,上海市,21,上海市,310110,杨浦区,四平路,"121.514728,31.297790",[],交通设施服务,停车场,停车场相关,121.514728,31.29779,"121.510344,31.299824",121.510344,31.299824,POINT (121.510344 31.299824),交通设施
B0FFK1SCRQ,创邑SPACE海上海创邑海上海停车场,飞虹路568弄3号创邑海上海B1,交通设施服务;停车场;停车场相关,150900,310000,上海市,21,上海市,310110,杨浦区,四平路,"121.507926,31.266954",[],交通设施服务,停车场,停车场相关,121.507926,31.266954,"121.50352,31.26898",121.50352,31.26898,POINT (121.50352 31.26898),交通设施
B0I30COHUF,上海交通大学医学院附属新华医院地下停车场,控江路1665号上海交通大学医学院附属新华医院,交通设施服务;停车场;公共停车场,150904,310000,上海市,21,上海市,310110,杨浦区,四平路,"121.518534,31.272197",[],交通设施服务,停车场,公共停车场,121.518534,31.272197,"121.514165,31.274252",121.514165,31.274252,POINT (121.514165 31.274252),交通设施
BX09903247,江浦路地铁站出入口,18号线,交通设施服务;地铁站;出入口,150501,310000,上海市,21,上海市,310110,杨浦区,四平路,"121.519012,31.272354",[],交通设施服务,地铁站,出入口,121.519012,31.272354,"121.514645,31.274411",121.514645,31.274411,POINT (121.514645 31.274411),交通设施
BX09905163,江浦路地铁站出入口,8号线,交通设施服务;地铁站;出入口,150501,310000,上海市,21,上海市,310110,杨浦区,四平路,"121.518062,31.275263",[],交通设施服务,地铁站,出入口,121.518062,31.275263,"121.513691,31.277316",121.513691,31.277316,POINT (121.513691 31.277316),交通设施
