id,name,address,type,typecode,pcode,pname,citycode,cityname,adcode,adname,business_area,location,tel,bigType,midType,smallType,gcj_lng,gcj_lat,wgs84_loc,wgs84Lng,wgs84Lat,geometry,function_type
B0FFHDMBBN,财富大酒店(西北门),邯郸路399号,通行设施;临街院门;临街院门,991400,310000,上海市,21,上海市,310110,杨浦区,四平路,"121.510975,31.298286",[],通行设施,临街院门,临街院门,121.510975,31.298286,"121.506578,31.300309",121.506578,31.300309,POINT (121.506578 31.300309),通行设施
B0FFG1W02S,上海财富大酒店(正门),邯郸路399号(近国定路)财富大酒店附近,通行设施;通行设施;通行设施,990000,310000,上海市,21,上海市,310110,杨浦区,四平路,"121.511150,31.297823",[],通行设施,通行设施,通行设施,121.51115,31.297823,"121.506753,31.299846",121.506753,31.299846,POINT (121.506753 31.299846),通行设施
B001559OX4,国中公寓(西北门),阜新路20弄之1-2号,通行设施;临街院门;临街院门,991400,310000,上海市,21,上海市,310110,杨浦区,四平路,"121.504526,31.273324",[],通行设施,临街院门,临街院门,121.504526,31.273324,"121.500107,31.275337",121.500107,31.275337,POINT (121.500107 31.275337),通行设施
B0FFHO21YJ,中国电信上海公司东区电信局黄兴电话站(东南门),国顺路105-1号附近,通行设施;临街院门;临街院门,991400,310000,上海市,21,上海市,310110,杨浦区,四平路,"121.516896,31.290913",[],通行设施,临街院门,临街院门,121.516896,31.290913,"121.51252,31.292956",121.51252,31.292956,POINT (121.51252 31.292956),通行设施
B0FFG4IR8Z,上海市杨浦区四平街道敬老院(东北门),铁岭路50弄63号,通行设施;临街院门;临街院门,991400,310000,上海市,21,上海市,310110,杨浦区,四平路,"121.515757,31.279377",[],通行设施,临街院门,临街院门,121.515757,31.279377,"121.511378,31.281421",121.511378,31.281421,POINT (121.511378 31.281421),通行设施
B0FFHO1WXO,复旦大学南区小足球场(北门),政修路270号附近,通行设施;临街院门;临街院门,991400,310000,上海市,21,上海市,310110,杨浦区,四平路,"121.502792,31.290390",[],通行设施,临街院门,临街院门,121.502792,31.29039,"121.498366,31.292391",121.498366,31.292391,POINT (121.498366 31.292391),通行设施
B00155BGGF,铁岭路110弄住宅小区(西南2门),铁岭路110弄5号附近,通行设施;临街院门;临街院门,991400,310000,上海市,21,上海市,310110,杨浦区,四平路,"121.511985,31.281155",[],通行设施,临街院门,临街院门,121.511985,31.281155,"121.507593,31.283187",121.507593,31.283187,POINT (121.507593 31.283187),通行设施
B0FFK2STY9,锦西路六十三弄住宅小区(1号门),锦西路与鞍山路交叉口东北约80米,通行设施;临街院门;临街院门,991400,310000,上海市,21,上海市,310110,杨浦区,四平路,"121.512194,31.276877",[],通行设施,临街院门,临街院门,121.512194,31.276877,"121.507803,31.278912",121.507803,31.278912,POINT (121.507803 31.278912),通行设施
B00156NT77,国顺路300弄住宅小区(西南门),国顺路300弄之1-14号,通行设施;临街院门;临街院门,991400,310000,上海市,21,上海市,310110,杨浦区,四平路,"121.511923,31.291839",[],通行设施,临街院门,临街院门,121.511923,31.291839,"121.507529,31.293867",121.507529,31.293867,POINT (121.507529 31.293867),通行设施
B00155HI5U,国顺路395、389弄住宅小区(东北2门),国顺路395弄、389弄,通行设施;临街院门;临街院门,991400,310000,上海市,21,上海市,310110,杨浦区,四平路,"121.509818,31.292458",[],通行设施,临街院门,临街院门,121.509818,31.292458,"121.505417,31.294479",121.505417,31.294479,POINT (121.505417 31.294479),通行设施
B00155IKQ6,鞍山三村住宅小区(东南门),锦西路与铁岭路交叉口西南约80米,通行设施;临街院门;临街院门,991400,310000,上海市,21,上海市,310110,杨浦区,四平路,"121.513564,31.277657",[],通行设施,临街院门,临街院门,121.513564,31.277657,"121.509177,31.279696",121.509177,31.279696,POINT (121.509177 31.279696),通行设施
B00155KTT0,鞍山八村住宅小区(西北3门),彰武路,通行设施;临街院门;临街院门,991400,310000,上海市,21,上海市,310110,杨浦区,四平路,"121.510574,31.280919",[],通行设施,临街院门,临街院门,121.510574,31.280919,"121.506177,31.282947",121.506177,31.282947,POINT (121.506177 31.282947),通行设施
B00155KFLZ,鞍山八村小区(西北2门),彰武路,通行设施;临街院门;临街院门,991400,310000,上海市,21,上海市,310110,杨浦区,四平路,"121.510116,31.280731",[],通行设施,临街院门,临街院门,121.510116,31.280731,"121.505717,31.282758",121.505717,31.282758,POINT (121.505717 31.282758),通行设施
B0FFI9PO0Q,中元物业国年小区(东北1门),国顺路389弄住宅小区附近,通行设施;临街院门;临街院门,991400,310000,上海市,21,上海市,310110,杨浦区,四平路,"121.509148,31.291846",[],通行设施,临街院门,临街院门,121.509148,31.291846,"121.504745,31.293866",121.504745,31.293866,POINT (121.504745 31.293866),通行设施
B00155K8FO,同济大学四平路校区(东南门),四平路1239同济大学,通行设施;临街院门;临街院门,991400,310000,上海市,21,上海市,310110,杨浦区,四平路,"121.506103,31.282602",[],通行设施,临街院门,临街院门,121.506103,31.282602,"121.501689,31.284616",121.501689,31.284616,POINT (121.501689 31.284616),通行设施
B00155MQQO,鞍山六村南区(东北1门),四平路980弄,通行设施;临街院门;临街院门,991400,310000,上海市,21,上海市,310110,杨浦区,四平路,"121.506945,31.273844",[],通行设施,临街院门,临街院门,121.506945,31.273844,"121.502535,31.275865",121.502535,31.275865,POINT (121.502535 31.275865),通行设施
B0GR670A8D,鞍山六村南区(东北3门),打虎山路与锦西路交叉口西北约60米,通行设施;临街院门;临街院门,991400,310000,上海市,21,上海市,310110,杨浦区,四平路,"121.507087,31.273658",[],通行设施,临街院门,临街院门,121.507087,31.273658,"121.502678,31.275679",121.502678,31.275679,POINT (121.502678 31.275679),通行设施
B0FFHL3LQ2,鞍山路215弄小区(东北6门),鞍山路197号附近,通行设施;临街院门;临街院门,991400,310000,上海市,21,上海市,310110,杨浦区,四平路,"121.509932,31.278215",[],通行设施,临街院门,临街院门,121.509932,31.278215,"121.505533,31.280243",121.505533,31.280243,POINT (121.505533 31.280243),通行设施
B00155KVX7,鞍山路310弄小区(西南门),鞍山路310弄1-26号,通行设施;临街院门;临街院门,991400,310000,上海市,21,上海市,310110,杨浦区,四平路,"121.508741,31.279454",[],通行设施,临街院门,临街院门,121.508741,31.279454,"121.504337,31.281478",121.504337,31.281478,POINT (121.504337 31.281478),通行设施
B0FFIYV47W,鞍山七村小区(西北门),四平路953-2号附近,通行设施;临街院门;临街院门,991400,310000,上海市,21,上海市,310110,杨浦区,四平路,"121.502742,31.275657",[],通行设施,临街院门,临街院门,121.502742,31.275657,"121.498317,31.277664",121.498317,31.277664,POINT (121.498317 31.277664),通行设施
B0FFLGD1UV,鞍山七村小区(西南1门),大连路与阜新路交叉口西北约80米,通行设施;临街院门;临街院门,991400,310000,上海市,21,上海市,310110,杨浦区,四平路,"121.503205,31.273562",[],通行设施,临街院门,临街院门,121.503205,31.273562,"121.498782,31.275571",121.498782,31.275571,POINT (121.498782 31.275571),通行设施
B00155KTSX,打虎山路118弄小区(西南门),打虎山路118弄之1-4号,通行设施;临街院门;临街院门,991400,310000,上海市,21,上海市,310110,杨浦区,四平路,"121.507452,31.273628",[],通行设施,临街院门,临街院门,121.507452,31.273628,"121.503044,31.27565",121.503044,31.27565,POINT (121.503044 31.27565),通行设施
B00155KC9F,鞍山七村小区(西南门),大连路1558-2附近,通行设施;临街院门;临街院门,991400,310000,上海市,21,上海市,310110,杨浦区,四平路,"121.502573,31.274041",[],通行设施,临街院门,临街院门,121.502573,31.274041,"121.498147,31.276048",121.498147,31.276048,POINT (121.498147 31.276048),通行设施
B00155KFYQ,鞍山四村第三小区(南2门),阜新路180弄,通行设施;临街院门;临街院门,991400,310000,上海市,21,上海市,310110,杨浦区,四平路,"121.505968,31.274646",[],通行设施,临街院门,临街院门,121.505968,31.274646,"121.501555,31.276663",121.501555,31.276663,POINT (121.501555 31.276663),通行设施
B00155KVX6,鞍山四村第2小区(西北1门),阜新路182弄,通行设施;临街院门;临街院门,991400,310000,上海市,21,上海市,310110,杨浦区,四平路,"121.507796,31.278645",[],通行设施,临街院门,临街院门,121.507796,31.278645,"121.503389,31.280666",121.503389,31.280666,POINT (121.503389 31.280666),通行设施
B00155KFYM,鞍山四村第三小区(西北1门),阜新路180弄13号,通行设施;临街院门;临街院门,991400,310000,上海市,21,上海市,310110,杨浦区,四平路,"121.506357,31.275824",[],通行设施,临街院门,临街院门,121.506357,31.275824,"121.501945,31.277842",121.501945,31.277842,POINT (121.501945 31.277842),通行设施
B00155MQRL,鞍山四村第三小区(东北门),阜新路180弄鞍山四村第三小区,通行设施;临街院门;临街院门,991400,310000,上海市,21,上海市,310110,杨浦区,四平路,"121.508296,31.276213",[],通行设施,临街院门,临街院门,121.508296,31.276213,"121.503891,31.278237",121.503891,31.278237,POINT (121.503891 31.278237),通行设施
B00155KQWH,鞍山四村第二小区(东南2门),阜新路182弄,通行设施;临街院门;临街院门,991400,310000,上海市,21,上海市,310110,杨浦区,四平路,"121.508695,31.277033",[],通行设施,临街院门,临街院门,121.508695,31.277033,"121.504291,31.279057",121.504291,31.279057,POINT (121.504291 31.279057),通行设施
B00155KGB8,鞍山四村第一小区(西北1门),抚顺路393弄1-20号,通行设施;临街院门;临街院门,991400,310000,上海市,21,上海市,310110,杨浦区,四平路,"121.508826,31.276921",[],通行设施,临街院门,临街院门,121.508826,31.276921,"121.504423,31.278946",121.504423,31.278946,POINT (121.504423 31.278946),通行设施
B00155HHMU,鞍山四村第一小区(东南2门),锦西路91号,通行设施;临街院门;临街院门,991400,310000,上海市,21,上海市,310110,杨浦区,四平路,"121.510751,31.275696",[],通行设施,临街院门,临街院门,121.510751,31.275696,"121.506355,31.277727",121.506355,31.277727,POINT (121.506355 31.277727),通行设施
B00155KG4C,鞍山四村第一小区(东南1门),锦西路87号附近,通行设施;临街院门;临街院门,991400,310000,上海市,21,上海市,310110,杨浦区,四平路,"121.511317,31.276114",[],通行设施,临街院门,临街院门,121.511317,31.276114,"121.506923,31.278147",121.506923,31.278147,POINT (121.506923 31.278147),通行设施
B00155KGB0,鞍山四村第二小区(东北门),鞍山四村第二小区,通行设施;临街院门;临街院门,991400,310000,上海市,21,上海市,310110,杨浦区,四平路,"121.508898,31.279131",[],通行设施,临街院门,临街院门,121.508898,31.279131,"121.504495,31.281155",121.504495,31.281155,POINT (121.504495 31.281155),通行设施
B00155MQML,鞍山五村(西3门),四平路1020弄,通行设施;临街院门;临街院门,991400,310000,上海市,21,上海市,310110,杨浦区,四平路,"121.503672,31.276657",[],通行设施,临街院门,临街院门,121.503672,31.276657,"121.49925,31.278667",121.49925,31.278667,POINT (121.49925 31.278667),通行设施
B0FFG4GQ10,打虎山路幼儿园(北门),鞍山五村48号,通行设施;临街院门;临街院门,991400,310000,上海市,21,上海市,310110,杨浦区,四平路,"121.505248,31.276565",[],通行设施,临街院门,临街院门,121.505248,31.276565,"121.500832,31.278579",121.500832,31.278579,POINT (121.500832 31.278579),通行设施
B0FFGDVV7D,同济大学工程试验馆(东北门),四平路1245附近,通行设施;建筑物门;建筑物门,991000,310000,上海市,21,上海市,310110,杨浦区,四平路,"121.502584,31.283937",[],通行设施,建筑物门,建筑物门,121.502584,31.283937,"121.498158,31.28594",121.498158,31.28594,POINT (121.498158 31.28594),通行设施
B0FFGZQGTI,同济大学四平路校区建筑与城市规划学院(西南门),四平路1239同济大学,通行设施;建筑物门;建筑物门,991000,310000,上海市,21,上海市,310110,杨浦区,四平路,"121.505690,31.285023",[],通行设施,建筑物门,建筑物门,121.50569,31.285023,"121.501275,31.287035",121.501275,31.287035,POINT (121.501275 31.287035),通行设施
B0FFGRIRKZ,同济大学环境科学与工程学院(东北门),四平路1239同济大学,通行设施;建筑物门;建筑物门,991000,310000,上海市,21,上海市,310110,杨浦区,四平路,"121.497275,31.284288",[],通行设施,建筑物门,建筑物门,121.497275,31.284288,"121.492829,31.286275",121.492829,31.286275,POINT (121.492829 31.286275),通行设施
B0FFGE56OD,同济大学电子与信息工程学院(西北门),四平路1251号附近,通行设施;建筑物门;建筑物门,991000,310000,上海市,21,上海市,310110,杨浦区,四平路,"121.502817,31.284414",[],通行设施,建筑物门,建筑物门,121.502817,31.284414,"121.498391,31.286418",121.498391,31.286418,POINT (121.498391 31.286418),通行设施
B0FFG4IZKV,同济大学工程实践中心B楼(东北门),中山北二路与政本路交叉口东南200米,通行设施;建筑物门;建筑物正门,991001,310000,上海市,21,上海市,310110,杨浦区,四平路,"121.515009,31.282604",[],通行设施,建筑物门,建筑物正门,121.515009,31.282604,"121.510627,31.284645",121.510627,31.284645,POINT (121.510627 31.284645),通行设施
B0FFGE56P8,同济大学四平路校区建筑与城市规划学院基础教学楼(东北门),四平路1239号同济大学,通行设施;建筑物门;建筑物门,991000,310000,上海市,21,上海市,310110,杨浦区,四平路,"121.505176,31.284930",[],通行设施,建筑物门,建筑物门,121.505176,31.28493,"121.500759,31.286941",121.500759,31.286941,POINT (121.500759 31.286941),通行设施
B0FFK6T3KQ,悠迈生活广场(6号门),四平路2500号UMAX悠迈生活广场F1,通行设施;建筑物门;建筑物门,991000,310000,上海市,21,上海市,310110,杨浦区,四平路,"121.515468,31.298922",[],通行设施,建筑物门,建筑物门,121.515468,31.298922,"121.511086,31.300957",121.511086,31.300957,POINT (121.511086 31.300957),通行设施
B0FFGTH94K,杨浦区市场监督管理局四平市场监督管理所(西南门),抚顺路371号,通行设施;建筑物门;建筑物门,991000,310000,上海市,21,上海市,310110,杨浦区,四平路,"121.509604,31.277449",[],通行设施,建筑物门,建筑物门,121.509604,31.277449,"121.505203,31.279476",121.505203,31.279476,POINT (121.505203 31.279476),通行设施
B0FFG1VZHM,复旦科技园大厦(南门),国泰路11号附近,通行设施;建筑物门;建筑物门,991000,310000,上海市,21,上海市,310110,杨浦区,四平路,"121.507523,31.287705",[],通行设施,建筑物门,建筑物门,121.507523,31.287705,"121.503114,31.289722",121.503114,31.289722,POINT (121.503114 31.289722),通行设施
B0FFHO1GPA,复旦大学南区主席台(西门),邯郸路220号复旦大学邯郸校区复旦大学邯郸校区体育教学部附近,通行设施;建筑物门;建筑物门,991000,310000,上海市,21,上海市,310110,杨浦区,四平路,"121.502406,31.291269",[],通行设施,建筑物门,建筑物门,121.502406,31.291269,"121.497978,31.293269",121.497978,31.293269,POINT (121.497978 31.293269),通行设施
B0FFGE61KI,创业大厦(西南门),国定路323号,通行设施;建筑物门;建筑物门,991000,310000,上海市,21,上海市,310110,杨浦区,四平路,"121.508570,31.296304",[],通行设施,建筑物门,建筑物门,121.50857,31.296304,"121.504164,31.29832",121.504164,31.29832,POINT (121.504164 31.29832),通行设施
B0FFGE61TO,创业大厦1号楼(东南门),四平路2007号附近,通行设施;建筑物门;建筑物门,991000,310000,上海市,21,上海市,310110,杨浦区,四平路,"121.508457,31.297196",[],通行设施,建筑物门,建筑物门,121.508457,31.297196,"121.504051,31.299211",121.504051,31.299211,POINT (121.504051 31.299211),通行设施
B0FFGE4USL,同济大学医学院(西北门),赤峰路50号,通行设施;建筑物门;建筑物门,991000,310000,上海市,21,上海市,310110,杨浦区,四平路,"121.501202,31.281360",[],通行设施,建筑物门,建筑物门,121.501202,31.28136,"121.496771,31.28336",121.496771,31.28336,POINT (121.496771 31.28336),通行设施
B0FFGDRY07,同济大学化学馆(东南门),四平路1239号同济大学四平路校区同济大学化学馆附近,通行设施;建筑物门;建筑物门,991000,310000,上海市,21,上海市,310110,杨浦区,四平路,"121.503773,31.284515",[],通行设施,建筑物门,建筑物门,121.503773,31.284515,"121.499351,31.286522",121.499351,31.286522,POINT (121.499351 31.286522),通行设施
B0FFGZQGQS,同济大学中法中心(东北门),四平路1223号附近,通行设施;建筑物门;建筑物门,991000,310000,上海市,21,上海市,310110,杨浦区,四平路,"121.504919,31.281291",[],通行设施,建筑物门,建筑物门,121.504919,31.281291,"121.500501,31.283302",121.500501,31.283302,POINT (121.500501 31.283302),通行设施
B0FFFZJM8E,九隆坊(北门),五角场黄兴路1737号九隆坊F1层,通行设施;建筑物门;建筑物正门,991001,310000,上海市,21,上海市,310110,杨浦区,四平路,"121.518937,31.291284",[],通行设施,建筑物门,建筑物正门,121.518937,31.291284,"121.514568,31.293333",121.514568,31.293333,POINT (121.514568 31.293333),通行设施
B0FFGE91I2,财富国际广场银座(西北门),国权路22、39、43,通行设施;建筑物门;建筑物门,991000,310000,上海市,21,上海市,310110,杨浦区,四平路,"121.518912,31.287081",[],通行设施,建筑物门,建筑物门,121.518912,31.287081,"121.514543,31.289131",121.514543,31.289131,POINT (121.514543 31.289131),通行设施
B0FFGFAT3R,怡富商务广场办公楼(东南门),黄兴路1725号,通行设施;建筑物门;建筑物门,991000,310000,上海市,21,上海市,310110,杨浦区,四平路,"121.519507,31.290429",[],通行设施,建筑物门,建筑物门,121.519507,31.290429,"121.51514,31.292479",121.51514,31.292479,POINT (121.51514 31.292479),通行设施
B0FFGE53KP,同济大学教材服务中心(西北门),同济大学(四平路校区),通行设施;建筑物门;建筑物门,991000,310000,上海市,21,上海市,310110,杨浦区,四平路,"121.501577,31.284133",[],通行设施,建筑物门,建筑物门,121.501577,31.284133,"121.497147,31.286133",121.497147,31.286133,POINT (121.497147 31.286133),通行设施
B0FFH5K55Z,同济大学四平路校区机械馆(东南门),赤峰路200号同济大学四平路校区机械馆附近,通行设施;建筑物门;建筑物门,991000,310000,上海市,21,上海市,310110,杨浦区,四平路,"121.498417,31.283542",[],通行设施,建筑物门,建筑物门,121.498417,31.283542,"121.493976,31.285533",121.493976,31.285533,POINT (121.493976 31.285533),通行设施
B0FFGE91H2,复旦大学南区学生公寓6(东南门),政肃路6号楼附近,通行设施;建筑物门;建筑物门,991000,310000,上海市,21,上海市,310110,杨浦区,四平路,"121.501901,31.292962",[],通行设施,建筑物门,建筑物门,121.501901,31.292962,"121.497471,31.29496",121.497471,31.29496,POINT (121.497471 31.29496),通行设施
B0FFGE91FP,复旦大学南区学生公寓3(西北门),政肃路200附近,通行设施;建筑物门;建筑物门,991000,310000,上海市,21,上海市,310110,杨浦区,四平路,"121.502140,31.292932",[],通行设施,建筑物门,建筑物门,121.50214,31.292932,"121.497711,31.29493",121.497711,31.29493,POINT (121.497711 31.29493),通行设施
B0FFGZQGTT,同济大学四平路校区汇文楼(西南门),国康路11号,通行设施;建筑物门;建筑物门,991000,310000,上海市,21,上海市,310110,杨浦区,四平路,"121.505078,31.284411",[],通行设施,建筑物门,建筑物门,121.505078,31.284411,"121.500661,31.286422",121.500661,31.286422,POINT (121.500661 31.286422),通行设施
B0FFGUOZ3Z,同济大学四平路校区宁静楼(西南门),密云路附近,通行设施;建筑物门;建筑物门,991000,310000,上海市,21,上海市,310110,杨浦区,四平路,"121.498421,31.284129",[],通行设施,建筑物门,建筑物门,121.498421,31.284129,"121.493979,31.28612",121.493979,31.28612,POINT (121.493979 31.28612),通行设施
B0FFGE56TP,同济大学国家大学科技园(西南门),国康路100同济大学,通行设施;建筑物门;建筑物门,991000,310000,上海市,21,上海市,310110,杨浦区,四平路,"121.501756,31.286848",[],通行设施,建筑物门,建筑物门,121.501756,31.286848,"121.497326,31.288848",121.497326,31.288848,POINT (121.497326 31.288848),通行设施
B0FFGTHGOO,同济大学国际文化交流学院(东北2门),赤峰路67同济大学南校区,通行设施;建筑物门;建筑物门,991000,310000,上海市,21,上海市,310110,杨浦区,四平路,"121.499105,31.280438",[],通行设施,建筑物门,建筑物门,121.499105,31.280438,"121.494666,31.282432",121.494666,31.282432,POINT (121.494666 31.282432),通行设施
B0FFGE5378,同济大学经济与管理学院(东北门),四平路1500号附近,通行设施;建筑物门;建筑物门,991000,310000,上海市,21,上海市,310110,杨浦区,四平路,"121.507282,31.282751",[],通行设施,建筑物门,建筑物门,121.507282,31.282751,"121.502873,31.284769",121.502873,31.284769,POINT (121.502873 31.284769),通行设施
B0FFGE5979,同济大学四平路校区桥梁馆(西南门),中山北二路与密云路交叉口东南150米,通行设施;建筑物门;建筑物门,991000,310000,上海市,21,上海市,310110,杨浦区,四平路,"121.498206,31.284810",[],通行设施,建筑物门,建筑物门,121.498206,31.28481,"121.493764,31.2868",121.493764,31.2868,POINT (121.493764 31.2868),通行设施
B0FFH28MLH,同济大学四平路校区生态实验楼(西南门),中山北二路与密云路交叉口南150米,通行设施;建筑物门;建筑物门,991000,310000,上海市,21,上海市,310110,杨浦区,四平路,"121.497292,31.284579",[],通行设施,建筑物门,建筑物门,121.497292,31.284579,"121.492846,31.286566",121.492846,31.286566,POINT (121.492846 31.286566),通行设施
B0FFGZQGWL,同济大学四平路校区行政南楼(西南门),四平路与彰武路交叉口西北100米,通行设施;建筑物门;建筑物门,991000,310000,上海市,21,上海市,310110,杨浦区,四平路,"121.506035,31.283073",[],通行设施,建筑物门,建筑物门,121.506035,31.283073,"121.501621,31.285087",121.501621,31.285087,POINT (121.501621 31.285087),通行设施
B0FFGE53B5,同济大学航空航天与力学学院(西北门),彰武路100号,通行设施;建筑物门;建筑物门,991000,310000,上海市,21,上海市,310110,杨浦区,四平路,"121.513077,31.281969",[],通行设施,建筑物门,建筑物门,121.513077,31.281969,"121.508688,31.284004",121.508688,31.284004,POINT (121.508688 31.284004),通行设施
B0FFGEQRXG,同济大学南校区后勤公寓2号楼(东北门),赤峰路南200米,通行设施;建筑物门;建筑物门,991000,310000,上海市,21,上海市,310110,杨浦区,四平路,"121.499728,31.279089",[],通行设施,建筑物门,建筑物门,121.499728,31.279089,"121.495292,31.281086",121.495292,31.281086,POINT (121.495292 31.281086),通行设施
B0FFGDVMAO,同济大学四平校区教学实践机房(东南门),四平路1239号同济大学四平路校区内附近,通行设施;建筑物门;建筑物门,991000,310000,上海市,21,上海市,310110,杨浦区,四平路,"121.501865,31.283800",[],通行设施,建筑物门,建筑物门,121.501865,31.2838,"121.497436,31.285801",121.497436,31.285801,POINT (121.497436 31.285801),通行设施
B0FFH17WQR,同济大学四平路校区学生事务中心(东南门),[],通行设施;建筑物门;建筑物门,991000,310000,上海市,21,上海市,310110,杨浦区,四平路,"121.500520,31.284057",[],通行设施,建筑物门,建筑物门,121.50052,31.284057,"121.496086,31.286054",121.496086,31.286054,POINT (121.496086 31.286054),通行设施
B0FFGUP4HQ,同济大学四平路校区国际文化交流学院(东北1门),赤峰路75-103号附近,通行设施;建筑物门;建筑物门,991000,310000,上海市,21,上海市,310110,杨浦区,四平路,"121.499228,31.280772",[],通行设施,建筑物门,建筑物门,121.499228,31.280772,"121.49479,31.282766",121.49479,31.282766,POINT (121.49479 31.282766),通行设施
B0FFH5K5C5,同济大学四平路校区医学与生命科学实验教学中心(东北门),密云路与中山北二路交叉口南200米,通行设施;建筑物门;建筑物门,991000,310000,上海市,21,上海市,310110,杨浦区,四平路,"121.498469,31.284275",[],通行设施,建筑物门,建筑物门,121.498469,31.284275,"121.494028,31.286266",121.494028,31.286266,POINT (121.494028 31.286266),通行设施
B0FFGE5BVV,上海商学院高等技术学院国权路院区学生宿舍8(南门),内环高架路与内环高架路入口交叉口西200米,通行设施;建筑物门;建筑物门,991000,310000,上海市,21,上海市,310110,杨浦区,四平路,"121.516750,31.285902",[],通行设施,建筑物门,建筑物门,121.51675,31.285902,"121.512374,31.287946",121.512374,31.287946,POINT (121.512374 31.287946),通行设施
B0FFGEQRRZ,同济大学四平路校区育才会务有限公司干训楼住宿部(西北门),赤峰路附近,通行设施;建筑物门;建筑物门,991000,310000,上海市,21,上海市,310110,杨浦区,四平路,"121.499914,31.279497",[],通行设施,建筑物门,建筑物门,121.499914,31.279497,"121.495478,31.281494",121.495478,31.281494,POINT (121.495478 31.281494),通行设施
B0FFG11NI0,复旦大学邯郸校区体育教学部(西门),邯郸路220号复旦大学邯郸校区,通行设施;建筑物门;建筑物正门,991001,310000,上海市,21,上海市,310110,杨浦区,四平路,"121.502401,31.291627",[],通行设施,建筑物门,建筑物正门,121.502401,31.291627,"121.497973,31.293627",121.497973,31.293627,POINT (121.497973 31.293627),通行设施
B0FFHSYLUA,同济规划大厦(正门),中山北二路1111号附近,通行设施;建筑物门;建筑物正门,991001,310000,上海市,21,上海市,310110,杨浦区,四平路,"121.505078,31.286394",[],通行设施,建筑物门,建筑物正门,121.505078,31.286394,"121.50066,31.288404",121.50066,31.288404,POINT (121.50066 31.288404),通行设施
B0FFIIIFH2,无障碍电梯(五角场地铁站3号口),五角场地铁站3号口,通行设施;特殊通道;无障碍电梯,991601,310000,上海市,21,上海市,310110,杨浦区,四平路,"121.514601,31.297468",[],通行设施,特殊通道,无障碍电梯,121.514601,31.297468,"121.510216,31.299502",121.510216,31.299502,POINT (121.510216 31.299502),通行设施
B0FFFGLHEA,铁岭路五十弄小区(西北2门),鞍山一村47甲-49甲,通行设施;临街院门;临街院门,991400,310000,上海市,21,上海市,310110,杨浦区,四平路,"121.514816,31.279950",[],通行设施,临街院门,临街院门,121.514816,31.27995,"121.510434,31.281991",121.510434,31.281991,POINT (121.510434 31.281991),通行设施
B00155KQQT,鞍山五村(西北1门),四平路1020弄,通行设施;临街院门;临街院门,991400,310000,上海市,21,上海市,310110,杨浦区,四平路,"121.504207,31.277592",[],通行设施,临街院门,临街院门,121.504207,31.277592,"121.499787,31.279603",121.499787,31.279603,POINT (121.499787 31.279603),通行设施
B0FFHO29VC,中共交通银行上海市分行委员会党校(东北门),赤峰路87号附近,通行设施;临街院门;临街院门,991400,310000,上海市,21,上海市,310110,杨浦区,四平路,"121.498000,31.281264",[],通行设施,临街院门,临街院门,121.498,31.281264,"121.493557,31.283255",121.493557,31.283255,POINT (121.493557 31.283255),通行设施
B0FFG4IR4X,中国人寿保险股份有限公司(东南1门),阜新路15号,通行设施;临街院门;临街院门,991400,310000,上海市,21,上海市,310110,杨浦区,四平路,"121.504285,31.273589",[],通行设施,临街院门,临街院门,121.504285,31.273589,"121.499866,31.275602",121.499866,31.275602,POINT (121.499866 31.275602),通行设施
B00155KF3A,益华小区西区(西北1门),政本路280弄1-9号,通行设施;临街院门;临街院门,991400,310000,上海市,21,上海市,310110,杨浦区,四平路,"121.515401,31.286548",[],通行设施,临街院门,临街院门,121.515401,31.286548,"121.51102,31.288588",121.51102,31.288588,POINT (121.51102 31.288588),通行设施
B0FFG4JSGF,上海市五角场小学西部(东北门),政化路259号附近,通行设施;临街院门;临街院门,991400,310000,上海市,21,上海市,310110,杨浦区,四平路,"121.510465,31.293350",[],通行设施,临街院门,临街院门,121.510465,31.29335,"121.506066,31.295373",121.506066,31.295373,POINT (121.506066 31.295373),通行设施
B0FFG4JSFG,同叶大厦(西南1门),铁岭路51-1号附近,通行设施;临街院门;临街院门,991400,310000,上海市,21,上海市,310110,杨浦区,四平路,"121.514094,31.278389",[],通行设施,临街院门,临街院门,121.514094,31.278389,"121.509709,31.280429",121.509709,31.280429,POINT (121.509709 31.280429),通行设施
B0FFFGQ95K,上海交通大学医学院附属新华医院(东门),控江路1665号,通行设施;临街院门;临街院门,991400,310000,上海市,21,上海市,310110,杨浦区,四平路,"121.518882,31.272573",[],通行设施,临街院门,临街院门,121.518882,31.272573,"121.514515,31.274629",121.514515,31.274629,POINT (121.514515 31.274629),通行设施
B0FFFGQ95B,上海交通大学医学院附属新华医院(北1门),控江路1665号,通行设施;临街院门;临街院正门,991401,310000,上海市,21,上海市,310110,杨浦区,四平路,"121.517078,31.274429",[],通行设施,临街院门,临街院正门,121.517078,31.274429,"121.512704,31.276479",121.512704,31.276479,POINT (121.512704 31.276479),通行设施
B0FFFGQMYA,上海交通大学医学院附属新华医院(北2门),控江路1657-1号附近,通行设施;临街院门;临街院门,991400,310000,上海市,21,上海市,310110,杨浦区,四平路,"121.517707,31.274622",[],通行设施,临街院门,临街院门,121.517707,31.274622,"121.513335,31.276674",121.513335,31.276674,POINT (121.513335 31.276674),通行设施
B001535267,兴平昌苑(东北门),国定路101弄1-5号,通行设施;临街院门;临街院门,991400,310000,上海市,21,上海市,310110,杨浦区,四平路,"121.514714,31.293726",[],通行设施,临街院门,临街院门,121.514714,31.293726,"121.51033,31.295761",121.51033,31.295761,POINT (121.51033 31.295761),通行设施
B00156R3RH,上海开放大学(西门),政法路195号,通行设施;临街院门;临街院门,991400,310000,上海市,21,上海市,310110,杨浦区,四平路,"121.513353,31.292645",[],通行设施,临街院门,临街院门,121.513353,31.292645,"121.508964,31.294677",121.508964,31.294677,POINT (121.508964 31.294677),通行设施
B0FFG4IZJ6,凯慧中学(西南门),大连路1530号,通行设施;临街院门;临街院门,991400,310000,上海市,21,上海市,310110,杨浦区,四平路,"121.505079,31.271985",[],通行设施,临街院门,临街院门,121.505079,31.271985,"121.500663,31.274001",121.500663,31.274001,POINT (121.500663 31.274001),通行设施
B0FFFDD57N,杨浦高级中学(西南门),大连西路20号,通行设施;临街院门;临街院门,991400,310000,上海市,21,上海市,310110,杨浦区,四平路,"121.499094,31.276444",[],通行设施,临街院门,临街院门,121.499094,31.276444,"121.494656,31.27844",121.494656,31.27844,POINT (121.494656 31.27844),通行设施
B00155I0OA,恒联新天地花园(东北3门),江浦路2089弄,通行设施;临街院门;临街院门,991400,310000,上海市,21,上海市,310110,杨浦区,四平路,"121.516200,31.281836",[],通行设施,临街院门,临街院门,121.5162,31.281836,"121.511822,31.28388",121.511822,31.28388,POINT (121.511822 31.28388),通行设施
B00152C75A,松鹤公园(南门),抚顺路240号,通行设施;临街院门;临街院正门,991401,310000,上海市,21,上海市,310110,杨浦区,四平路,"121.513807,31.279579",[],通行设施,临街院门,临街院正门,121.513807,31.279579,"121.509421,31.281617",121.509421,31.281617,POINT (121.509421 31.281617),通行设施
B0FFG4JGFX,复旦大学附属中学(北门),国权路383号,通行设施;临街院门;临街院门,991400,310000,上海市,21,上海市,310110,杨浦区,四平路,"121.506179,31.291068",[],通行设施,临街院门,临街院门,121.506179,31.291068,"121.501765,31.293079",121.501765,31.293079,POINT (121.501765 31.293079),通行设施
B0FFG16Q79,凤凰大厦(东南门),控江路1690号,通行设施;临街院门;临街院门,991400,310000,上海市,21,上海市,310110,杨浦区,四平路,"121.515078,31.274428",[],通行设施,临街院门,临街院门,121.515078,31.274428,"121.510697,31.276472",121.510697,31.276472,POINT (121.510697 31.276472),通行设施
B00156GX88,兴平昌苑(东门),五角场兴平昌苑,通行设施;临街院门;临街院门,991400,310000,上海市,21,上海市,310110,杨浦区,四平路,"121.515393,31.293361",[],通行设施,临街院门,临街院门,121.515393,31.293361,"121.511012,31.295398",121.511012,31.295398,POINT (121.511012 31.295398),通行设施
B001550C8S,远洋广场(西北2门),四平路1188号,通行设施;临街院门;临街院门,991400,310000,上海市,21,上海市,310110,杨浦区,四平路,"121.504600,31.278421",[],通行设施,临街院门,临街院门,121.5046,31.278421,"121.500181,31.280433",121.500181,31.280433,POINT (121.500181 31.280433),通行设施
B0FFG4DSU0,复旦大学邯郸路体育场(西南门),邯郸路220号复旦大学邯郸校区,通行设施;临街院门;临街院门,991400,310000,上海市,21,上海市,310110,杨浦区,四平路,"121.507689,31.295715",[],通行设施,临街院门,临街院门,121.507689,31.295715,"121.50328,31.297729",121.50328,31.297729,POINT (121.50328 31.297729),通行设施
B0FFG4FFN7,同济小学(南门),四平街道彰武路同济新村758号同济小学附近,通行设施;临街院门;临街院门,991400,310000,上海市,21,上海市,310110,杨浦区,四平路,"121.509163,31.284356",[],通行设施,临街院门,临街院门,121.509163,31.284356,"121.50476,31.286379",121.50476,31.286379,POINT (121.50476 31.286379),通行设施
B0FFFDDIWO,爱联大厦(东南2门),锦西路185号附近,通行设施;临街院门;临街院门,991400,310000,上海市,21,上海市,310110,杨浦区,四平路,"121.507994,31.273797",[],通行设施,临街院门,临街院门,121.507994,31.273797,"121.503588,31.275821",121.503588,31.275821,POINT (121.503588 31.275821),通行设施
B0FFFDD5QC,同济科技大厦(西1门),中山北二路1133号附近,通行设施;临街院门;临街院门,991400,310000,上海市,21,上海市,310110,杨浦区,四平路,"121.503473,31.286947",[],通行设施,临街院门,临街院门,121.503473,31.286947,"121.49905,31.288952",121.49905,31.288952,POINT (121.49905 31.288952),通行设施
B00156EGXI,林绿家园(西北门),四平路1950弄,通行设施;临街院门;临街院门,991400,310000,上海市,21,上海市,310110,杨浦区,四平路,"121.511179,31.291016",[],通行设施,临街院门,临街院门,121.511179,31.291016,"121.506783,31.293042",121.506783,31.293042,POINT (121.506783 31.293042),通行设施
B00155KFGF,北茶园(东南门),国顺路80弄,通行设施;临街院门;临街院门,991400,310000,上海市,21,上海市,310110,杨浦区,四平路,"121.518257,31.291380",[],通行设施,临街院门,临街院门,121.518257,31.29138,"121.513886,31.293427",121.513886,31.293427,POINT (121.513886 31.293427),通行设施
B00155I9X8,天翔花苑(西南门),国定路320弄1-20号,通行设施;临街院门;临街院门,991400,310000,上海市,21,上海市,310110,杨浦区,四平路,"121.509977,31.296520",[],通行设施,临街院门,临街院门,121.509977,31.29652,"121.505576,31.29854",121.505576,31.29854,POINT (121.505576 31.29854),通行设施
B00155K8I6,上海开放大学(西南门),国顺路288号,通行设施;临街院门;临街院门,991400,310000,上海市,21,上海市,310110,杨浦区,四平路,"121.513000,31.291396",[],通行设施,临街院门,临街院门,121.513,31.291396,"121.50861,31.293427",121.50861,31.293427,POINT (121.50861 31.293427),通行设施
B0FFG6JDXT,锦西幼儿园(东北门),抚顺路373弄28,通行设施;临街院门;临街院门,991400,310000,上海市,21,上海市,310110,杨浦区,四平路,"121.509843,31.277069",[],通行设施,临街院门,临街院门,121.509843,31.277069,"121.505443,31.279097",121.505443,31.279097,POINT (121.505443 31.279097),通行设施
B0FFG4ETR5,打虎山路第一小学(西南门),打虎山路138号,通行设施;临街院门;临街院正门,991401,310000,上海市,21,上海市,310110,杨浦区,四平路,"121.506981,31.274048",[],通行设施,临街院门,临街院正门,121.506981,31.274048,"121.502571,31.276069",121.502571,31.276069,POINT (121.502571 31.276069),通行设施
B0FFG4J4I8,本溪路幼儿园(东南门),本溪路146号,通行设施;临街院门;临街院门,991400,310000,上海市,21,上海市,310110,杨浦区,四平路,"121.516756,31.276740",[],通行设施,临街院门,临街院门,121.516756,31.27674,"121.512381,31.278788",121.512381,31.278788,POINT (121.512381 31.278788),通行设施
B00156NXLE,复华科技楼(东北门),国权路525号复华科技楼内,通行设施;临街院门;临街院门,991400,310000,上海市,21,上海市,310110,杨浦区,四平路,"121.503764,31.293685",[],通行设施,临街院门,临街院门,121.503764,31.293685,"121.499341,31.295688",121.499341,31.295688,POINT (121.499341 31.295688),通行设施
B0FFG7DANJ,杨浦科技创业中心(西南门),国达路118号,通行设施;临街院门;临街院门,991400,310000,上海市,21,上海市,310110,杨浦区,四平路,"121.508404,31.296679",[],通行设施,临街院门,临街院门,121.508404,31.296679,"121.503997,31.298695",121.503997,31.298695,POINT (121.503997 31.298695),通行设施
B0FFG4JSF4,沪东双语幼稚园(西南门),大连西路30弄13号,通行设施;临街院门;临街院门,991400,310000,上海市,21,上海市,310110,杨浦区,四平路,"121.497540,31.277603",[],通行设施,临街院门,临街院门,121.49754,31.277603,"121.493096,31.279594",121.493096,31.279594,POINT (121.493096 31.279594),通行设施
B001576W95,上海交通大学医学院附属新华医院(西2门),双辽路758-2号,通行设施;临街院门;临街院门,991400,310000,上海市,21,上海市,310110,杨浦区,四平路,"121.515500,31.273679",[],通行设施,临街院门,临街院门,121.5155,31.273679,"121.511121,31.275725",121.511121,31.275725,POINT (121.511121 31.275725),通行设施
B00155KV81,阜新路284弄小区(西北1门),阜新路286,通行设施;临街院门;临街院门,991400,310000,上海市,21,上海市,310110,杨浦区,四平路,"121.508965,31.280828",[],通行设施,临街院门,临街院门,121.508965,31.280828,"121.504562,31.282852",121.504562,31.282852,POINT (121.504562 31.282852),通行设施
B00156NUFA,同济新村(西门),[],通行设施;临街院门;临街院门,991400,310000,上海市,21,上海市,310110,杨浦区,四平路,"121.508298,31.285555",[],通行设施,临街院门,临街院门,121.508298,31.285555,"121.503892,31.287575",121.503892,31.287575,POINT (121.503892 31.287575),通行设施
B00155HHYS,国顺路117弄小区(西北1门),国顺路117弄2-6号,通行设施;临街院门;临街院正门,991401,310000,上海市,21,上海市,310110,杨浦区,四平路,"121.516231,31.290396",[],通行设施,临街院门,临街院正门,121.516231,31.290396,"121.511853,31.292437",121.511853,31.292437,POINT (121.511853 31.292437),通行设施
B00155R0Y1,同济新村(西南2门),彰武路33号附近,通行设施;临街院门;临街院门,991400,310000,上海市,21,上海市,310110,杨浦区,四平路,"121.507583,31.282435",[],通行设施,临街院门,临街院门,121.507583,31.282435,"121.503175,31.284454",121.503175,31.284454,POINT (121.503175 31.284454),通行设施
B00156COJC,铁村小区(东南门),国定路277弄,通行设施;临街院门;临街院门,991400,310000,上海市,21,上海市,310110,杨浦区,四平路,"121.511340,31.294150",[],通行设施,临街院门,临街院门,121.51134,31.29415,"121.506944,31.296175",121.506944,31.296175,POINT (121.506944 31.296175),通行设施
B0FFG3BJ8N,鞍山二村(西北门),打虎山路98号附近,通行设施;临街院门;临街院门,991400,310000,上海市,21,上海市,310110,杨浦区,四平路,"121.507848,31.273498",[],通行设施,临街院门,临街院门,121.507848,31.273498,"121.503441,31.275521",121.503441,31.275521,POINT (121.503441 31.275521),通行设施
B00157I2RW,鼎盛公寓(东北1门),中山北二路1037号,通行设施;临街院门;临街院门,991400,310000,上海市,21,上海市,310110,杨浦区,四平路,"121.505740,31.286595",[],通行设施,临街院门,临街院门,121.50574,31.286595,"121.501325,31.288607",121.501325,31.288607,POINT (121.501325 31.288607),通行设施
B00155HVMZ,安顺苑(东南门),鞍山路218弄,通行设施;临街院门;临街院门,991400,310000,上海市,21,上海市,310110,杨浦区,四平路,"121.510581,31.278406",[],通行设施,临街院门,临街院门,121.510581,31.278406,"121.506184,31.280435",121.506184,31.280435,POINT (121.506184 31.280435),通行设施
B00155KSBC,本溪路165弄小区(西北门),本溪路165弄1-10号本溪路165弄小区,通行设施;临街院门;临街院门,991400,310000,上海市,21,上海市,310110,杨浦区,四平路,"121.514723,31.275859",[],通行设施,临街院门,临街院门,121.514723,31.275859,"121.510341,31.277902",121.510341,31.277902,POINT (121.510341 31.277902),通行设施
B0FFH1AIKR,鹿鸣书店(东南门),政肃路附近,通行设施;临街院门;临街院门,991400,310000,上海市,21,上海市,310110,杨浦区,四平路,"121.503211,31.293275",[],通行设施,临街院门,临街院门,121.503211,31.293275,"121.498786,31.295276",121.498786,31.295276,POINT (121.498786 31.295276),通行设施
B0FFG4F6U3,同济大学-科技园(东北门),赤峰路65-1号附近,通行设施;建筑物门;建筑物门,991000,310000,上海市,21,上海市,310110,杨浦区,四平路,"121.500476,31.280288",[],通行设施,建筑物门,建筑物门,121.500476,31.280288,"121.496042,31.282286",121.496042,31.282286,POINT (121.496042 31.282286),通行设施
B0FFHJJWDG,三号湾广场(东门),国定路315号附近,通行设施;临街院门;临街院门,991400,310000,上海市,21,上海市,310110,杨浦区,四平路,"121.509697,31.296374",[],通行设施,临街院门,临街院门,121.509697,31.296374,"121.505295,31.298393",121.505295,31.298393,POINT (121.505295 31.298393),通行设施
B0FFIIPU3Z,无障碍电梯(江浦路地铁站2号口),江浦路地铁站2号口,通行设施;特殊通道;无障碍电梯,991601,310000,上海市,21,上海市,310110,杨浦区,四平路,"121.518266,31.274696",[],通行设施,特殊通道,无障碍电梯,121.518266,31.274696,"121.513896,31.276749",121.513896,31.276749,POINT (121.513896 31.276749),通行设施
B0FFGEHGTK,上海工具厂宿舍(东南门),辽源西路118号,通行设施;临街院门;临街院门,991400,310000,上海市,21,上海市,310110,杨浦区,四平路,"121.511508,31.268819",[],通行设施,临街院门,临街院门,121.511508,31.268819,"121.507115,31.270855",121.507115,31.270855,POINT (121.507115 31.270855),通行设施
B00156EM3H,上海商学院高等技术学院赤峰路院区(东北门),赤峰路43号,通行设施;临街院门;临街院正门,991401,310000,上海市,21,上海市,310110,杨浦区,四平路,"121.503322,31.279166",[],通行设施,临街院门,临街院正门,121.503322,31.279166,"121.498899,31.281173",121.498899,31.281173,POINT (121.498899 31.281173),通行设施
B0FFHCPN7F,上海交通大学医学院附属新华医院(南门),双辽支路与江浦路交叉口西100米,通行设施;临街院门;临街院门,991400,310000,上海市,21,上海市,310110,杨浦区,四平路,"121.518955,31.271546",[],通行设施,临街院门,临街院门,121.518955,31.271546,"121.514588,31.273603",121.514588,31.273603,POINT (121.514588 31.273603),通行设施
B00150CD02,英达苑(南门),辽源西路338弄,通行设施;临街院门;临街院门,991400,310000,上海市,21,上海市,310110,杨浦区,四平路,"121.506903,31.268709",[],通行设施,临街院门,临街院门,121.506903,31.268709,"121.502493,31.270732",121.502493,31.270732,POINT (121.502493 31.270732),通行设施
B0FFGE5TZL,上海邮电设计院有限公司(西南门),国康路46弄之1-4号,通行设施;临街院门;临街院门,991400,310000,上海市,21,上海市,310110,杨浦区,四平路,"121.504030,31.286189",[],通行设施,临街院门,临街院门,121.50403,31.286189,"121.499609,31.288196",121.499609,31.288196,POINT (121.499609 31.288196),通行设施
B0FFHDMG95,上海交通大学医学院附属新华医院药学综合楼(东南门),江浦路1667号附近,通行设施;临街院门;临街院门,991400,310000,上海市,21,上海市,310110,杨浦区,四平路,"121.518084,31.272092",[],通行设施,临街院门,临街院门,121.518084,31.272092,"121.513714,31.274146",121.513714,31.274146,POINT (121.513714 31.274146),通行设施
B00155KF8V,许昌路1265弄小区(东北门),许昌路1265弄之1-2号,通行设施;临街院门;临街院门,991400,310000,上海市,21,上海市,310110,杨浦区,四平路,"121.515973,31.268002",[],通行设施,临街院门,临街院门,121.515973,31.268002,"121.511596,31.270052",121.511596,31.270052,POINT (121.511596 31.270052),通行设施
B00156EHAV,怡福苑(东北1门),国顺路66弄怡福苑,通行设施;临街院门;临街院门,991400,310000,上海市,21,上海市,310110,杨浦区,四平路,"121.518615,31.292239",[],通行设施,临街院门,临街院门,121.518615,31.292239,"121.514245,31.294286",121.514245,31.294286,POINT (121.514245 31.294286),通行设施
B00155HVN0,安顺苑(西南门),鞍山路218弄安顺苑,通行设施;临街院门;临街院门,991400,310000,上海市,21,上海市,310110,杨浦区,四平路,"121.510111,31.278416",[],通行设施,临街院门,临街院门,121.510111,31.278416,"121.505712,31.280444",121.505712,31.280444,POINT (121.505712 31.280444),通行设施
B00155ID4P,伊东苑(西南门),许昌路1560弄之1-16号,通行设施;临街院门;临街院门,991400,310000,上海市,21,上海市,310110,杨浦区,四平路,"121.512743,31.272335",[],通行设施,临街院门,临街院门,121.512743,31.272335,"121.508354,31.274373",121.508354,31.274373,POINT (121.508354 31.274373),通行设施
B00155ICZF,耀浦苑(西南门),许昌路1500弄1-20号耀浦苑,通行设施;临街院门;临街院正门,991401,310000,上海市,21,上海市,310110,杨浦区,四平路,"121.512972,31.271686",[],通行设施,临街院门,临街院正门,121.512972,31.271686,"121.508584,31.273725",121.508584,31.273725,POINT (121.508584 31.273725),通行设施
B00155K7TG,复旦大学网络教育学院(东1门),国年路286号,通行设施;临街院门;临街院门,991400,310000,上海市,21,上海市,310110,杨浦区,四平路,"121.504602,31.296130",[],通行设施,临街院门,临街院门,121.504602,31.29613,"121.500182,31.298134",121.500182,31.298134,POINT (121.500182 31.298134),通行设施
B0FFG629TN,同济大学经济与管理学院(西门),彰武路1号北门2号同济大厦A楼,通行设施;临街院门;临街院门,991400,310000,上海市,21,上海市,310110,杨浦区,四平路,"121.506990,31.283063",[],通行设施,临街院门,临街院门,121.50699,31.283063,"121.50258,31.28508",121.50258,31.28508,POINT (121.50258 31.28508),通行设施
B0FFFFPZ4N,上海市复旦求是进修学院(西南门),国达路58号,通行设施;临街院门;临街院门,991400,310000,上海市,21,上海市,310110,杨浦区,四平路,"121.508883,31.295943",[],通行设施,临街院门,临街院门,121.508883,31.295943,"121.504478,31.29796",121.504478,31.29796,POINT (121.504478 31.29796),通行设施
B0FFHT6RA2,上海莘子苑学生公寓同济大学店(东南门),国权路与政化路交叉口西南100米,通行设施;临街院门;临街院门,991400,310000,上海市,21,上海市,310110,杨浦区,四平路,"121.508628,31.289633",[],通行设施,临街院门,临街院门,121.508628,31.289633,"121.504223,31.291652",121.504223,31.291652,POINT (121.504223 31.291652),通行设施
B00155I0PG,恒阳花苑(东南门),辽源西路230弄,通行设施;临街院门;临街院门,991400,310000,上海市,21,上海市,310110,杨浦区,四平路,"121.508916,31.268557",[],通行设施,临街院门,临街院门,121.508916,31.268557,"121.504514,31.270586",121.504514,31.270586,POINT (121.504514 31.270586),通行设施
B0FFH1YLWR,恒阳花苑(南1门),辽源西路280附近,通行设施;临街院门;临街院门,991400,310000,上海市,21,上海市,310110,杨浦区,四平路,"121.508215,31.268572",[],通行设施,临街院门,临街院门,121.508215,31.268572,"121.50381,31.270599",121.50381,31.270599,POINT (121.50381 31.270599),通行设施
B00155KF3B,黄兴雅苑(西北1门),国科路29弄,通行设施;临街院门;临街院门,991400,310000,上海市,21,上海市,310110,杨浦区,四平路,"121.518508,31.286511",[],通行设施,临街院门,临街院门,121.518508,31.286511,"121.514138,31.28856",121.514138,31.28856,POINT (121.514138 31.28856),通行设施
B0FFG1KDUJ,恒阳花苑(南2门),辽源西路241附近,通行设施;临街院门;临街院门,991400,310000,上海市,21,上海市,310110,杨浦区,四平路,"121.508239,31.268608",[],通行设施,临街院门,临街院门,121.508239,31.268608,"121.503834,31.270635",121.503834,31.270635,POINT (121.503834 31.270635),通行设施
B00155KEXK,国顺路120弄小区(东南门),国顺路120附近,通行设施;临街院门;临街院正门,991401,310000,上海市,21,上海市,310110,杨浦区,四平路,"121.516341,31.290783",[],通行设施,临街院门,临街院正门,121.516341,31.290783,"121.511963,31.292824",121.511963,31.292824,POINT (121.511963 31.292824),通行设施
B0FFG26PIK,上海市育鹰学校中学部(西北1门),五角场区域国顺路83号,通行设施;临街院门;临街院正门,991401,310000,上海市,21,上海市,310110,杨浦区,四平路,"121.517557,31.290847",[],通行设施,临街院门,临街院正门,121.517557,31.290847,"121.513183,31.292892",121.513183,31.292892,POINT (121.513183 31.292892),通行设施
B00155KEBT,辽源三村小区(东北门),许昌路1487弄之1-4号,通行设施;临街院门;临街院正门,991401,310000,上海市,21,上海市,310110,杨浦区,四平路,"121.512619,31.271603",[],通行设施,临街院门,临街院正门,121.512619,31.271603,"121.50823,31.273641",121.50823,31.273641,POINT (121.50823 31.273641),通行设施
B00155KFDC,许昌路1471弄小区(东北门),许昌路1471弄之1-3号,通行设施;临街院门;临街院正门,991401,310000,上海市,21,上海市,310110,杨浦区,四平路,"121.513439,31.270785",[],通行设施,临街院门,临街院正门,121.513439,31.270785,"121.509053,31.272826",121.509053,31.272826,POINT (121.509053 31.272826),通行设施
B00154372B,海鸿公寓(西北门),国权路95弄,通行设施;临街院门;临街院正门,991401,310000,上海市,21,上海市,310110,杨浦区,四平路,"121.516252,31.287772",[],通行设施,临街院门,临街院正门,121.516252,31.287772,"121.511874,31.289814",121.511874,31.289814,POINT (121.511874 31.289814),通行设施
B00156O10K,上海开放大学杨浦分校(东北门),许昌路1461号,通行设施;临街院门;临街院正门,991401,310000,上海市,21,上海市,310110,杨浦区,四平路,"121.514284,31.270239",[],通行设施,临街院门,临街院正门,121.514284,31.270239,"121.509901,31.272283",121.509901,31.272283,POINT (121.509901 31.272283),通行设施
B00155KFY0,中远物业国权小区(西南门),国权路336弄1-12号,通行设施;临街院门;临街院正门,991401,310000,上海市,21,上海市,310110,杨浦区,四平路,"121.507868,31.290716",[],通行设施,临街院门,临街院正门,121.507868,31.290716,"121.50346,31.292732",121.50346,31.292732,POINT (121.50346 31.292732),通行设施
B001559HJX,复旦第六宿舍(西北门),邯郸路220号复旦大学邯郸校区,通行设施;临街院门;临街院正门,991401,310000,上海市,21,上海市,310110,杨浦区,四平路,"121.505547,31.294050",[],通行设施,临街院门,临街院正门,121.505547,31.29405,"121.50113,31.296058",121.50113,31.296058,POINT (121.50113 31.296058),通行设施
B0FFHDMMBW,俱德商务(西南门),周家嘴路2095号附近,通行设施;临街院门;临街院正门,991401,310000,上海市,21,上海市,310110,杨浦区,四平路,"121.516281,31.268027",[],通行设施,临街院门,临街院正门,121.516281,31.268027,"121.511905,31.270077",121.511905,31.270077,POINT (121.511905 31.270077),通行设施
B0FFGE4YZ6,江浦社区卫生服务中心(西南门),许昌路1482,通行设施;临街院门;临街院正门,991401,310000,上海市,21,上海市,310110,杨浦区,四平路,"121.513636,31.270964",[],通行设施,临街院门,临街院正门,121.513636,31.270964,"121.50925,31.273006",121.50925,31.273006,POINT (121.50925 31.273006),通行设施
B0FFGE4YCU,上海祥顺纺织饰品有限公司(西南门),许昌路1436号,通行设施;临街院门;临街院正门,991401,310000,上海市,21,上海市,310110,杨浦区,四平路,"121.515250,31.269715",[],通行设施,临街院门,临街院正门,121.51525,31.269715,"121.51087,31.271762",121.51087,31.271762,POINT (121.51087 31.271762),通行设施
B0FFG4FOP3,四平社区卫生服务中心(东北2门),铁岭路39号,通行设施;临街院门;临街院正门,991401,310000,上海市,21,上海市,310110,杨浦区,四平路,"121.514503,31.277469",[],通行设施,临街院门,临街院正门,121.514503,31.277469,"121.51012,31.27951",121.51012,31.27951,POINT (121.51012 31.27951),通行设施
B0FFG4I9B7,上海腾隆(集团)有限公司(西南门),赤峰路20、30,通行设施;临街院门;临街院正门,991401,310000,上海市,21,上海市,310110,杨浦区,四平路,"121.501279,31.280220",[],通行设施,临街院门,临街院正门,121.501279,31.28022,"121.496848,31.282221",121.496848,31.282221,POINT (121.496848 31.282221),通行设施
B0FFKUSS04,四平科技公园(西南门),政修路与松花江路交叉口东南约120米,通行设施;临街院门;临街院门,991400,310000,上海市,21,上海市,310110,杨浦区,四平路,"121.503177,31.288749",[],通行设施,临街院门,临街院门,121.503177,31.288749,"121.498752,31.290752",121.498752,31.290752,POINT (121.498752 31.290752),通行设施
B0FFHDJDX1,四平社区卫生服务中心(东北1门),铁岭路与锦西路交叉口东南50米,通行设施;临街院门;临街院门,991400,310000,上海市,21,上海市,310110,杨浦区,四平路,"121.514312,31.277683",[],通行设施,临街院门,临街院门,121.514312,31.277683,"121.509928,31.279724",121.509928,31.279724,POINT (121.509928 31.279724),通行设施
B00155KD26,远洋广场(西北1门),四平路1088号,通行设施;临街院门;临街院门,991400,310000,上海市,21,上海市,310110,杨浦区,四平路,"121.504122,31.277630",[],通行设施,临街院门,临街院门,121.504122,31.27763,"121.499702,31.27964",121.499702,31.27964,POINT (121.499702 31.27964),通行设施
B0FFGE60B1,同济大学篮球场(西北门),四平路1239号同济大学四平路校区附近,通行设施;临街院门;临街院门,991400,310000,上海市,21,上海市,310110,杨浦区,四平路,"121.503146,31.281811",[],通行设施,临街院门,临街院门,121.503146,31.281811,"121.498722,31.283817",121.498722,31.283817,POINT (121.498722 31.283817),通行设施
B00155KB7O,同济大学四平路校区(南门),四平路1239号同济大学四平路校区,通行设施;临街院门;临街院门,991400,310000,上海市,21,上海市,310110,杨浦区,四平路,"121.500265,31.280645",[],通行设施,临街院门,临街院门,121.500265,31.280645,"121.49583,31.282643",121.49583,31.282643,POINT (121.49583 31.282643),通行设施
B0FFIPZNZ5,同济大学四平路校区(北门),国康路99号,通行设施;临街院门;临街院门,991400,310000,上海市,21,上海市,310110,杨浦区,四平路,"121.502064,31.286512",[],通行设施,临街院门,临街院门,121.502064,31.286512,"121.497635,31.288513",121.497635,31.288513,POINT (121.497635 31.288513),通行设施
B0FFGEQRR6,同济大学能源管理中心(西北门),赤峰路南100米,通行设施;临街院门;临街院门,991400,310000,上海市,21,上海市,310110,杨浦区,四平路,"121.500090,31.279853",[],通行设施,临街院门,临街院门,121.50009,31.279853,"121.495655,31.28185",121.495655,31.28185,POINT (121.495655 31.28185),通行设施
B001512793,复旦大学第十二宿舍(西门),国福路30弄,通行设施;临街院门;临街院门,991400,310000,上海市,21,上海市,310110,杨浦区,四平路,"121.508143,31.294881",[],通行设施,临街院门,临街院门,121.508143,31.294881,"121.503736,31.296896",121.503736,31.296896,POINT (121.503736 31.296896),通行设施
B0FFH5K5H6,同济大学四平路校区(西南门),赤峰路20号附近,通行设施;临街院门;临街院门,991400,310000,上海市,21,上海市,310110,杨浦区,四平路,"121.501615,31.280105",[],通行设施,临街院门,临街院门,121.501615,31.280105,"121.497185,31.282107",121.497185,31.282107,POINT (121.497185 31.282107),通行设施
B0FFLH6OAP,同济大学四平路校区(东南1门),四平路1153-5号临东北80米,通行设施;临街院门;临街院门,991400,310000,上海市,21,上海市,310110,杨浦区,四平路,"121.504903,31.280042",[],通行设施,临街院门,临街院门,121.504903,31.280042,"121.500485,31.282054",121.500485,31.282054,POINT (121.500485 31.282054),通行设施
B0G3S6T539,四平路街道办事处(西门),鞍山路158号,通行设施;临街院门;临街院门,991400,310000,上海市,21,上海市,310110,杨浦区,四平路,"121.511402,31.276879",[],通行设施,临街院门,临街院门,121.511402,31.276879,"121.507008,31.278911",121.507008,31.278911,POINT (121.507008 31.278911),通行设施
B0FFLGD23Z,上海民办打一外国语小学(东南1门),本溪路与铁岭路交叉口东100米,通行设施;临街院门;临街院门,991400,310000,上海市,21,上海市,310110,杨浦区,四平路,"121.516461,31.276538",[],通行设施,临街院门,临街院门,121.516461,31.276538,"121.512085,31.278585",121.512085,31.278585,POINT (121.512085 31.278585),通行设施
B0FFGE5VR5,上海市昆明学校总校(东北门),打虎山路7号,通行设施;临街院门;临街院门,991400,310000,上海市,21,上海市,310110,杨浦区,四平路,"121.510315,31.270239",[],通行设施,临街院门,临街院门,121.510315,31.270239,"121.505918,31.272271",121.505918,31.272271,POINT (121.505918 31.272271),通行设施
B0FFGBBJ6J,书香公寓(东门),上海市贸易学校赤峰路院区建中大楼,通行设施;临街院门;临街院门,991400,310000,上海市,21,上海市,310110,杨浦区,四平路,"121.502660,31.278014",[],通行设施,临街院门,临街院门,121.50266,31.278014,"121.498234,31.28002",121.498234,31.28002,POINT (121.498234 31.28002),通行设施
B001524F36,法善庵(东北门),政本路338号,通行设施;临街院门;临街院门,991400,310000,上海市,21,上海市,310110,杨浦区,四平路,"121.515250,31.285715",[],通行设施,临街院门,临街院门,121.51525,31.285715,"121.510869,31.287755",121.510869,31.287755,POINT (121.510869 31.287755),通行设施
B0FFK57X1V,龙福·品牌销售服务中心(西南门),许昌路1534号附近,通行设施;临街院门;临街院门,991400,310000,上海市,21,上海市,310110,杨浦区,四平路,"121.513055,31.271507",[],通行设施,临街院门,临街院门,121.513055,31.271507,"121.508667,31.273547",121.508667,31.273547,POINT (121.508667 31.273547),通行设施
B0HG7MLNW3,本溪实验幼儿园(西北门),锦西路与苏家屯路交叉口南20米,通行设施;临街院门;临街院门,991400,310000,上海市,21,上海市,310110,杨浦区,四平路,"121.510080,31.274973",[],通行设施,临街院门,临街院门,121.51008,31.274973,"121.505681,31.277002",121.505681,31.277002,POINT (121.505681 31.277002),通行设施
B0FFH27M43,上海市杨浦初级中学(西北2门),飞虹路1001号,通行设施;临街院门;临街院门,991400,310000,上海市,21,上海市,310110,杨浦区,四平路,"121.514566,31.267981",[],通行设施,临街院门,临街院门,121.514566,31.267981,"121.510184,31.270027",121.510184,31.270027,POINT (121.510184 31.270027),通行设施
B0FFGCF8KF,上海交通大学医学院附属新华医院(西1门),双辽路758-1,通行设施;临街院门;临街院门,991400,310000,上海市,21,上海市,310110,杨浦区,四平路,"121.515663,31.273508",[],通行设施,临街院门,临街院门,121.515663,31.273508,"121.511284,31.275554",121.511284,31.275554,POINT (121.511284 31.275554),通行设施
B00157HZZW,姚家桥小区(东门),许昌路1273号附近,通行设施;临街院门;临街院门,991400,310000,上海市,21,上海市,310110,杨浦区,四平路,"121.515896,31.268049",[],通行设施,临街院门,临街院门,121.515896,31.268049,"121.511519,31.270098",121.511519,31.270098,POINT (121.511519 31.270098),通行设施
B0FFGEFUE7,杨浦科技创业中心(东北门),国定路335号复旦科技园创业中心,通行设施;临街院门;临街院门,991400,310000,上海市,21,上海市,310110,杨浦区,四平路,"121.508787,31.297408",[],通行设施,临街院门,临街院门,121.508787,31.297408,"121.504382,31.299424",121.504382,31.299424,POINT (121.504382 31.299424),通行设施
B00155I4ZH,辽源四村小区(西北3门),控江路1971号(鞍山新村地铁站2号出口步行150米),通行设施;临街院门;临街院门,991400,310000,上海市,21,上海市,310110,杨浦区,四平路,"121.511488,31.273268",[],通行设施,临街院门,临街院门,121.511488,31.273268,"121.507094,31.275302",121.507094,31.275302,POINT (121.507094 31.275302),通行设施
B00155KVUQ,大连路1188弄小区(北门),大连路1188弄小区,通行设施;临街院门;临街院门,991400,310000,上海市,21,上海市,310110,杨浦区,四平路,"121.507292,31.268423",[],通行设施,临街院门,临街院门,121.507292,31.268423,"121.502884,31.270447",121.502884,31.270447,POINT (121.502884 31.270447),通行设施
B00157HZZS,建信小区(东门),打虎山路15弄(鞍山新村地铁站3号口步行290米),通行设施;临街院门;临街院门,991400,310000,上海市,21,上海市,310110,杨浦区,四平路,"121.509453,31.271216",[],通行设施,临街院门,临街院门,121.509453,31.271216,"121.505052,31.273245",121.505052,31.273245,POINT (121.505052 31.273245),通行设施
B0FFGK5LJU,双辽新村(南门),双辽支路70弄边门(江浦路地铁站6号口步行460米),通行设施;临街院门;临街院门,991400,310000,上海市,21,上海市,310110,杨浦区,四平路,"121.516175,31.271641",[],通行设施,临街院门,临街院门,121.516175,31.271641,"121.511798,31.27369",121.511798,31.27369,POINT (121.511798 31.27369),通行设施
B00157HZTL,凤城三村西区(东南门),凤城三村92-185号,通行设施;临街院门;临街院门,991400,310000,上海市,21,上海市,310110,杨浦区,四平路,"121.519277,31.279750",[],通行设施,临街院门,临街院门,121.519277,31.27975,"121.51491,31.281804",121.51491,31.281804,POINT (121.51491 31.281804),通行设施
B0FFHLTHIV,辽源四村小区(北1门),控江路1971-2号(鞍山新村地铁站2号出口步行150米),通行设施;临街院门;临街院门,991400,310000,上海市,21,上海市,310110,杨浦区,四平路,"121.511488,31.273268",[],通行设施,临街院门,临街院门,121.511488,31.273268,"121.507094,31.275302",121.507094,31.275302,POINT (121.507094 31.275302),通行设施
B0FFFDDHJA,抚顺路363弄小区(西南门),鞍山路139号附近,通行设施;临街院门;临街院门,991400,310000,上海市,21,上海市,310110,杨浦区,四平路,"121.510693,31.277689",[],通行设施,临街院门,临街院门,121.510693,31.277689,"121.506296,31.279719",121.506296,31.279719,POINT (121.506296 31.279719),通行设施
B0FFK2MZ45,吴家浜小区(西南门),大连路854弄之1-20号,通行设施;临街院门;临街院门,991400,310000,上海市,21,上海市,310110,杨浦区,四平路,"121.508098,31.263568",[],通行设施,临街院门,临街院门,121.508098,31.263568,"121.503693,31.265596",121.503693,31.265596,POINT (121.503693 31.265596),通行设施
B0HRV7X42V,辽源四村小区(西南门),控江路1967弄(鞍山新村地铁站2号出口步行180米),通行设施;临街院门;临街院门,991400,310000,上海市,21,上海市,310110,杨浦区,四平路,"121.511208,31.271885",[],通行设施,临街院门,临街院门,121.511208,31.271885,"121.506814,31.273919",121.506814,31.273919,POINT (121.506814 31.273919),通行设施
B0GRKM402O,辽源四村小区(西南门),控江路与打虎山路交叉口东80米,通行设施;临街院门;临街院门,991400,310000,上海市,21,上海市,310110,杨浦区,四平路,"121.509457,31.272549",[],通行设施,临街院门,临街院门,121.509457,31.272549,"121.505056,31.274578",121.505056,31.274578,POINT (121.505056 31.274578),通行设施
B0GRKA4I3Q,张家浜小区(西北4门),双辽支路与双辽路交叉口西南100米,通行设施;临街院门;临街院门,991400,310000,上海市,21,上海市,310110,杨浦区,四平路,"121.517341,31.270253",[],通行设施,临街院门,临街院门,121.517341,31.270253,"121.512968,31.272306",121.512968,31.272306,POINT (121.512968 31.272306),通行设施
B0FFG3CN07,黄兴路1039弄小区(北1门),延吉西路9号附近,通行设施;临街院门;临街院门,991400,310000,上海市,21,上海市,310110,杨浦区,四平路,"121.523651,31.280872",[],通行设施,临街院门,临街院门,121.523651,31.280872,"121.519299,31.282938",121.519299,31.282938,POINT (121.519299 31.282938),通行设施
B0FFK2Y0TW,凤城二村小区(南2门),本溪路凤城二村小区南二门(江浦路地铁站3号口步行300米),通行设施;临街院门;临街院门,991400,310000,上海市,21,上海市,310110,杨浦区,四平路,"121.518549,31.277139",[],通行设施,临街院门,临街院门,121.518549,31.277139,"121.51418,31.279192",121.51418,31.279192,POINT (121.51418 31.279192),通行设施
B0FFFDDGWQ,锦西路100弄小区(西北1门),锦西路173-1号附近(鞍山新村地铁站1号口步行210米),通行设施;临街院门;临街院门,991400,310000,上海市,21,上海市,310110,杨浦区,四平路,"121.509150,31.274343",[],通行设施,临街院门,临街院门,121.50915,31.274343,"121.504748,31.27637",121.504748,31.27637,POINT (121.504748 31.27637),通行设施
B0FFG4HORQ,四平路2350弄小区(4号门),四平路2350号(五角场地铁站3号口步行100米),通行设施;临街院门;临街院门,991400,310000,上海市,21,上海市,310110,杨浦区,四平路,"121.514405,31.296945",[],通行设施,临街院门,临街院门,121.514405,31.296945,"121.51002,31.298978",121.51002,31.298978,POINT (121.51002 31.298978),通行设施
B00155CZRV,凤城四村小区(东南1门),抚顺路24,通行设施;临街院门;临街院门,991400,310000,上海市,21,上海市,310110,杨浦区,四平路,"121.521996,31.283498",[],通行设施,临街院门,临街院门,121.521996,31.283498,"121.517638,31.285558",121.517638,31.285558,POINT (121.517638 31.285558),通行设施
B0HUCCUQV5,双辽新村小区(东北3门),双辽路与控江路交叉口东南200米,通行设施;临街院门;临街院门,991400,310000,上海市,21,上海市,310110,杨浦区,四平路,"121.515923,31.272500",[],通行设施,临街院门,临街院门,121.515923,31.2725,"121.511545,31.274548",121.511545,31.274548,POINT (121.511545 31.274548),通行设施
B0FFK7FQXB,国定路288弄小区(南门),国定路288弄1-26号,通行设施;临街院门;临街院门,991400,310000,上海市,21,上海市,310110,杨浦区,四平路,"121.511460,31.295295",[],通行设施,临街院门,临街院门,121.51146,31.295295,"121.507065,31.29732",121.507065,31.29732,POINT (121.507065 31.29732),通行设施
B0FFH1ZFHO,国年路99弄小区(西1门),国年路99弄国年路99弄小区内,通行设施;临街院门;临街院门,991400,310000,上海市,21,上海市,310110,杨浦区,四平路,"121.508206,31.291687",[],通行设施,临街院门,临街院门,121.508206,31.291687,"121.503799,31.293704",121.503799,31.293704,POINT (121.503799 31.293704),通行设施
B00157I2RO,四平路949弄小区(东南门),四平路951号(四平路地铁站1号口步行90米),通行设施;临街院门;临街院门,991400,310000,上海市,21,上海市,310110,杨浦区,四平路,"121.501929,31.275653",[],通行设施,临街院门,临街院门,121.501929,31.275653,"121.497501,31.277658",121.497501,31.277658,POINT (121.497501 31.277658),通行设施
B0FFHL3FHP,飞虹路760弄小区(东北门),飞虹路760弄9号,通行设施;临街院门;临街院门,991400,310000,上海市,21,上海市,310110,杨浦区,四平路,"121.512995,31.267993",[],通行设施,临街院门,临街院门,121.512995,31.267993,"121.508607,31.270034",121.508607,31.270034,POINT (121.508607 31.270034),通行设施
B0FFILMMJ0,双辽路155弄小区(西北门),双辽支路与双辽路交叉口西南50米,通行设施;临街院门;临街院门,991400,310000,上海市,21,上海市,310110,杨浦区,四平路,"121.517901,31.270669",[],通行设施,临街院门,临街院门,121.517901,31.270669,"121.51353,31.272723",121.51353,31.272723,POINT (121.51353 31.272723),通行设施
B0FFG8NVNF,双辽路200弄小区(西南2门),双辽路200弄之39-42号,通行设施;临街院门;临街院门,991400,310000,上海市,21,上海市,310110,杨浦区,四平路,"121.517810,31.271383",[],通行设施,临街院门,临街院门,121.51781,31.271383,"121.513439,31.273436",121.513439,31.273436,POINT (121.513439 31.273436),通行设施
B00155KFQN,凤城四村小区(西南门),凤城四村1-34号,通行设施;临街院门;临街院门,991400,310000,上海市,21,上海市,310110,杨浦区,四平路,"121.519543,31.282782",[],通行设施,临街院门,临街院门,121.519543,31.282782,"121.515177,31.284836",121.515177,31.284836,POINT (121.515177 31.284836),通行设施
B0FFHO4EJM,控江路2026弄小区(东南门),控江路2026弄9-32号控江路2026弄小区,通行设施;临街院门;临街院门,991400,310000,上海市,21,上海市,310110,杨浦区,四平路,"121.510658,31.273463",[],通行设施,临街院门,临街院门,121.510658,31.273463,"121.506262,31.275495",121.506262,31.275495,POINT (121.506262 31.275495),通行设施
B00155KFY5,国权路333弄小区(东北门),国权路333弄1-17号(国权路地铁站4号口步行190米),通行设施;临街院门;临街院门,991400,310000,上海市,21,上海市,310110,杨浦区,四平路,"121.507988,31.290449",[],通行设施,临街院门,临街院门,121.507988,31.290449,"121.50358,31.292466",121.50358,31.292466,POINT (121.50358 31.292466),通行设施
B0HUV5239D,辽源西路300弄小区(东2门),辽源西路300弄1-16号,通行设施;临街院门;临街院门,991400,310000,上海市,21,上海市,310110,杨浦区,四平路,"121.507521,31.268849",[],通行设施,临街院门,临街院门,121.507521,31.268849,"121.503114,31.270873",121.503114,31.270873,POINT (121.503114 31.270873),通行设施
B0FFLGD27X,双辽路155弄小区(东北1门),双辽路与周家嘴路交叉口西北60米,通行设施;临街院门;临街院门,991400,310000,上海市,21,上海市,310110,杨浦区,四平路,"121.518570,31.270201",[],通行设施,临街院门,临街院门,121.51857,31.270201,"121.514202,31.272257",121.514202,31.272257,POINT (121.514202 31.272257),通行设施
B0FFLKIQNW,辽源西路300弄小区(东1门),辽源西路300弄1-8号,通行设施;临街院门;临街院门,991400,310000,上海市,21,上海市,310110,杨浦区,四平路,"121.507567,31.269061",[],通行设施,临街院门,临街院门,121.507567,31.269061,"121.50316,31.271085",121.50316,31.271085,POINT (121.50316 31.271085),通行设施
B0GRK54YPU,江浦路1315弄小区(西北门),双辽支路与江浦路交叉口西南80米,通行设施;临街院门;临街院门,991400,310000,上海市,21,上海市,310110,杨浦区,四平路,"121.518980,31.271302",[],通行设施,临街院门,临街院门,121.51898,31.271302,"121.514613,31.273359",121.514613,31.273359,POINT (121.514613 31.273359),通行设施
B0IG77SQ2B,鞍山四村第三小区(东北1门),苏家屯路与锦西路交叉口西40米,通行设施;临街院门;临街院门,991400,310000,上海市,21,上海市,310110,杨浦区,四平路,"121.509716,31.275272",[],通行设施,临街院门,临街院门,121.509716,31.275272,"121.505316,31.2773",121.505316,31.2773,POINT (121.505316 31.2773),通行设施
B0FFK557PC,江浦路1315弄小区(东北1门),江浦路1315弄(江浦路地铁站6号口步行80米),通行设施;临街院门;临街院门,991400,310000,上海市,21,上海市,310110,杨浦区,四平路,"121.519575,31.271427",[],通行设施,临街院门,临街院门,121.519575,31.271427,"121.51521,31.273486",121.51521,31.273486,POINT (121.51521 31.273486),通行设施
B0GRKR6O03,双辽支路70弄小区(东北2门),双辽路与双辽支路交叉口西北180米,通行设施;临街院门;临街院门,991400,310000,上海市,21,上海市,310110,杨浦区,四平路,"121.516789,31.271909",[],通行设施,临街院门,临街院门,121.516789,31.271909,"121.512414,31.273959",121.512414,31.273959,POINT (121.512414 31.273959),通行设施
B0FFLJ3GHB,同济大学彰武路校区(西南门),彰武路100号(抚顺路地铁站2号口步行370米),通行设施;临街院门;临街院门,991400,310000,上海市,21,上海市,310110,杨浦区,四平路,"121.512963,31.282546",[],通行设施,临街院门,临街院门,121.512963,31.282546,"121.508574,31.284581",121.508574,31.284581,POINT (121.508574 31.284581),通行设施
B0FFKYNS1R,旭辉Mall(南门),四平路街道控江路2068号旭辉MALLF1层,通行设施;建筑物门;建筑物门,991000,310000,上海市,21,上海市,310110,杨浦区,四平路,"121.508870,31.273336",[],通行设施,建筑物门,建筑物门,121.50887,31.273336,"121.504467,31.275362",121.504467,31.275362,POINT (121.504467 31.275362),通行设施
B0FFHNTTB9,九隆坊(西北门),五角场黄兴路1737号九隆坊F1层,通行设施;建筑物门;建筑物门,991000,310000,上海市,21,上海市,310110,杨浦区,四平路,"121.518690,31.291026",[],通行设施,建筑物门,建筑物门,121.51869,31.291026,"121.51432,31.293074",121.51432,31.293074,POINT (121.51432 31.293074),通行设施
B0FFGZX333,新华医院门诊楼(南一门),控江路1665号新华医院门诊楼1F层,通行设施;建筑物门;建筑物门,991000,310000,上海市,21,上海市,310110,杨浦区,四平路,"121.518358,31.274183",[],通行设施,建筑物门,建筑物门,121.518358,31.274183,"121.513989,31.276237",121.513989,31.276237,POINT (121.513989 31.276237),通行设施
B0FFGZX32E,新华医院门诊楼(南二门),控江路1665号新华医院门诊楼1F层,通行设施;建筑物门;建筑物门,991000,310000,上海市,21,上海市,310110,杨浦区,四平路,"121.518138,31.274281",[],通行设施,建筑物门,建筑物门,121.518138,31.274281,"121.513768,31.276334",121.513768,31.276334,POINT (121.513768 31.276334),通行设施
B0FFH026E9,复旦大学继续教育学院(西南门),国权路地铁站4号口旁,通行设施;建筑物门;建筑物门,991000,310000,上海市,21,上海市,310110,杨浦区,四平路,"121.509939,31.290166",[],通行设施,建筑物门,建筑物门,121.509939,31.290166,"121.505539,31.292189",121.505539,31.292189,POINT (121.505539 31.292189),通行设施
B0FFG4J4V3,上海开放大学文体教学馆(北1门),国顺路280号附近,通行设施;建筑物门;建筑物门,991000,310000,上海市,21,上海市,310110,杨浦区,四平路,"121.513931,31.292104",[],通行设施,建筑物门,建筑物门,121.513931,31.292104,"121.509545,31.294138",121.509545,31.294138,POINT (121.509545 31.294138),通行设施
B0FFG4IQEM,上海开放大学国际会议中心(东门),政法路195号附近,通行设施;建筑物门;建筑物门,991000,310000,上海市,21,上海市,310110,杨浦区,四平路,"121.513892,31.293189",[],通行设施,建筑物门,建筑物门,121.513892,31.293189,"121.509505,31.295222",121.509505,31.295222,POINT (121.509505 31.295222),通行设施
B0FFFFPMK2,上海市复通经济金融专修学院(西门),国年路260弄1号,通行设施;临街院门;临街院正门,991401,310000,上海市,21,上海市,310110,杨浦区,四平路,"121.505795,31.294665",[],通行设施,临街院门,临街院正门,121.505795,31.294665,"121.501379,31.296674",121.501379,31.296674,POINT (121.501379 31.296674),通行设施
